latitude,longitude,proposed_20,proposed_30
55.7999992370605,-6.40000009536743,0.0,0.0
55.7999992370605,-6.30000019073486,0.0,0.0
55.7000007629395,-6.19999980926514,0.0,0.0
55.7999992370605,-6.19999980926514,0.0,0.0
55.9000015258789,-6.0,0.0,0.0
55.9000015258789,-5.90000009536743,0.0,0.0
56.0,-5.90000009536743,0.0,0.0
50.0999984741211,-5.69999980926514,0.0,0.0
55.5,-5.69999980926514,0.0,0.0
50.0999984741211,-5.59999990463257,0.0,0.0
55.4000015258789,-5.59999990463257,0.0,0.0
55.5,-5.59999990463257,0.0,0.0
55.5999984741211,-5.59999990463257,0.0,0.0
55.9000015258789,-5.59999990463257,0.0,0.0
56.0,-5.59999990463257,0.0,0.0
55.7000007629395,-5.5,0.0,0.0
55.7999992370605,-5.5,0.0,0.0
55.9000015258789,-5.5,0.0,0.0
56.0,-5.5,0.0,0.0
50.2000007629395,-5.40000009536743,0.0,0.0
55.7999992370605,-5.40000009536743,0.0,0.0
55.9000015258789,-5.40000009536743,0.0,0.0
56.0,-5.40000009536743,0.0,0.0
50.2000007629395,-5.30000019073486,0.0,0.0
55.5,-5.30000019073486,0.0,0.0
55.5999984741211,-5.30000019073486,0.0,0.0
55.9000015258789,-5.30000019073486,0.0,0.0
56.0,-5.30000019073486,0.0,0.0
50.0,-5.19999980926514,0.0,0.0
50.0999984741211,-5.19999980926514,0.0,0.0
50.2000007629395,-5.19999980926514,0.0,0.0
50.2999992370605,-5.19999980926514,0.0,0.0
51.9000015258789,-5.19999980926514,0.0,0.0
55.5,-5.19999980926514,0.0,0.0
55.5999984741211,-5.19999980926514,0.0,0.0
55.9000015258789,-5.19999980926514,0.0,0.0
56.0,-5.19999980926514,0.0,0.0
50.2000007629395,-5.09999990463257,0.0,0.0
50.2999992370605,-5.09999990463257,0.0,0.0
51.7999992370605,-5.09999990463257,0.0,0.0
51.9000015258789,-5.09999990463257,0.0,0.0
55.0,-5.09999990463257,0.0,0.0
55.9000015258789,-5.09999990463257,0.0,0.0
56.0,-5.09999990463257,0.0,0.0
50.2999992370605,-5.0,0.0,0.0
50.4000015258789,-5.0,0.0,0.0
50.5,-5.0,0.0,0.0
51.7000007629395,-5.0,0.0,0.0
51.7999992370605,-5.0,0.0,1.0
51.9000015258789,-5.0,0.0,0.0
52.0,-5.0,0.0,0.0
54.7999992370605,-5.0,0.0,0.0
54.9000015258789,-5.0,0.0,0.0
55.0,-5.0,0.0,0.0
55.9000015258789,-5.0,0.0,0.0
56.0,-5.0,0.0,0.0
50.2000007629395,-4.90000009536743,0.0,0.0
50.2999992370605,-4.90000009536743,0.0,0.0
50.4000015258789,-4.90000009536743,0.0,0.0
50.5,-4.90000009536743,0.0,0.0
51.7000007629395,-4.90000009536743,0.0,0.0
51.7999992370605,-4.90000009536743,0.0,0.0
51.9000015258789,-4.90000009536743,0.0,0.0
52.0,-4.90000009536743,1.0,0.0
54.9000015258789,-4.90000009536743,0.0,0.0
55.0,-4.90000009536743,0.0,0.0
55.0999984741211,-4.90000009536743,0.0,0.0
55.2000007629395,-4.90000009536743,0.0,0.0
55.9000015258789,-4.90000009536743,0.0,0.0
56.0,-4.90000009536743,0.0,0.0
50.4000015258789,-4.80000019073486,0.0,0.0
50.5,-4.80000019073486,0.0,0.0
50.5999984741211,-4.80000019073486,0.0,0.0
51.7000007629395,-4.80000019073486,0.0,0.0
51.7999992370605,-4.80000019073486,0.0,0.0
51.9000015258789,-4.80000019073486,0.0,0.0
52.0,-4.80000019073486,0.0,0.0
54.9000015258789,-4.80000019073486,0.0,0.0
55.0,-4.80000019073486,0.0,0.0
55.0999984741211,-4.80000019073486,0.0,0.0
55.2000007629395,-4.80000019073486,0.0,0.0
55.7000007629395,-4.80000019073486,0.0,0.0
55.7999992370605,-4.80000019073486,0.0,0.0
55.9000015258789,-4.80000019073486,0.0,0.0
50.4000015258789,-4.69999980926514,0.0,0.0
50.5,-4.69999980926514,0.0,0.0
51.7000007629395,-4.69999980926514,0.0,0.0
51.7999992370605,-4.69999980926514,0.0,0.0
51.9000015258789,-4.69999980926514,0.0,0.0
52.0,-4.69999980926514,0.0,0.0
52.0999984741211,-4.69999980926514,0.0,0.0
52.7999992370605,-4.69999980926514,0.0,0.0
54.9000015258789,-4.69999980926514,0.0,0.0
55.0,-4.69999980926514,0.0,0.0
55.0999984741211,-4.69999980926514,0.0,0.0
55.2000007629395,-4.69999980926514,0.0,0.0
55.2999992370605,-4.69999980926514,0.0,0.0
55.4000015258789,-4.69999980926514,0.0,0.0
55.7000007629395,-4.69999980926514,0.0,0.0
55.7999992370605,-4.69999980926514,0.0,0.0
55.9000015258789,-4.69999980926514,0.0,0.0
50.4000015258789,-4.59999990463257,0.0,0.0
50.5,-4.59999990463257,0.0,0.0
50.5999984741211,-4.59999990463257,0.0,0.0
50.7000007629395,-4.59999990463257,0.0,0.0
51.7999992370605,-4.59999990463257,0.0,0.0
51.9000015258789,-4.59999990463257,0.0,0.0
52.0,-4.59999990463257,0.0,0.0
52.0999984741211,-4.59999990463257,0.0,0.0
52.9000015258789,-4.59999990463257,0.0,0.0
54.7999992370605,-4.59999990463257,0.0,0.0
54.9000015258789,-4.59999990463257,0.0,0.0
55.0,-4.59999990463257,0.0,0.0
55.0999984741211,-4.59999990463257,0.0,0.0
55.2000007629395,-4.59999990463257,0.0,0.0
55.2999992370605,-4.59999990463257,0.0,0.0
55.4000015258789,-4.59999990463257,0.0,0.0
55.5,-4.59999990463257,0.0,0.0
55.5999984741211,-4.59999990463257,0.0,0.0
55.7000007629395,-4.59999990463257,0.0,0.0
55.7999992370605,-4.59999990463257,0.0,0.0
55.9000015258789,-4.59999990463257,0.0,0.0
56.0,-4.59999990463257,0.0,0.0
50.4000015258789,-4.5,0.0,0.0
50.5,-4.5,0.0,0.0
50.5999984741211,-4.5,0.0,0.0
50.7000007629395,-4.5,0.0,0.0
50.7999992370605,-4.5,0.0,0.0
50.9000015258789,-4.5,0.0,0.0
51.7999992370605,-4.5,0.0,0.0
51.9000015258789,-4.5,0.0,0.0
52.0,-4.5,0.0,0.0
52.0999984741211,-4.5,0.0,0.0
52.9000015258789,-4.5,0.0,0.0
53.2999992370605,-4.5,0.0,0.0
53.4000015258789,-4.5,0.0,0.0
54.7000007629395,-4.5,0.0,0.0
54.7999992370605,-4.5,0.0,0.0
54.9000015258789,-4.5,0.0,0.0
55.0,-4.5,0.0,0.0
55.0999984741211,-4.5,0.0,0.0
55.2000007629395,-4.5,0.0,0.0
55.2999992370605,-4.5,0.0,0.0
55.4000015258789,-4.5,0.0,0.0
55.5,-4.5,0.0,0.0
55.5999984741211,-4.5,0.0,0.0
55.7000007629395,-4.5,1.0,0.0
55.7999992370605,-4.5,0.0,0.0
55.9000015258789,-4.5,0.0,0.0
56.0,-4.5,0.0,0.0
50.4000015258789,-4.40000009536743,0.0,0.0
50.5,-4.40000009536743,0.0,0.0
50.5999984741211,-4.40000009536743,0.0,0.0
50.7000007629395,-4.40000009536743,0.0,0.0
50.7999992370605,-4.40000009536743,0.0,0.0
50.9000015258789,-4.40000009536743,0.0,0.0
51.0,-4.40000009536743,0.0,0.0
51.7999992370605,-4.40000009536743,0.0,0.0
51.9000015258789,-4.40000009536743,0.0,0.0
52.0,-4.40000009536743,0.0,0.0
52.0999984741211,-4.40000009536743,0.0,0.0
52.9000015258789,-4.40000009536743,0.0,0.0
53.0,-4.40000009536743,0.0,0.0
53.2000007629395,-4.40000009536743,0.0,0.0
53.2999992370605,-4.40000009536743,0.0,0.0
53.4000015258789,-4.40000009536743,0.0,0.0
54.7999992370605,-4.40000009536743,0.0,0.0
54.9000015258789,-4.40000009536743,0.0,0.0
55.0,-4.40000009536743,0.0,0.0
55.0999984741211,-4.40000009536743,0.0,0.0
55.2000007629395,-4.40000009536743,0.0,0.0
55.2999992370605,-4.40000009536743,0.0,0.0
55.4000015258789,-4.40000009536743,0.0,0.0
55.5,-4.40000009536743,0.0,0.0
55.5999984741211,-4.40000009536743,0.0,0.0
55.7000007629395,-4.40000009536743,0.0,0.0
55.7999992370605,-4.40000009536743,0.0,0.0
55.9000015258789,-4.40000009536743,0.0,0.0
56.0,-4.40000009536743,0.0,0.0
50.4000015258789,-4.30000019073486,0.0,0.0
50.5,-4.30000019073486,0.0,0.0
50.5999984741211,-4.30000019073486,0.0,0.0
50.7000007629395,-4.30000019073486,0.0,0.0
50.7999992370605,-4.30000019073486,0.0,0.0
50.9000015258789,-4.30000019073486,0.0,0.0
51.0,-4.30000019073486,0.0,0.0
51.5999984741211,-4.30000019073486,0.0,0.0
51.7000007629395,-4.30000019073486,0.0,0.0
51.7999992370605,-4.30000019073486,0.0,0.0
51.9000015258789,-4.30000019073486,0.0,0.0
52.0,-4.30000019073486,0.0,0.0
52.0999984741211,-4.30000019073486,0.0,0.0
52.2000007629395,-4.30000019073486,0.0,0.0
53.0,-4.30000019073486,0.0,0.0
53.0999984741211,-4.30000019073486,0.0,0.0
53.2000007629395,-4.30000019073486,0.0,0.0
53.2999992370605,-4.30000019073486,0.0,0.0
54.9000015258789,-4.30000019073486,0.0,0.0
55.0,-4.30000019073486,0.0,0.0
55.0999984741211,-4.30000019073486,0.0,0.0
55.2000007629395,-4.30000019073486,0.0,0.0
55.2999992370605,-4.30000019073486,0.0,0.0
55.4000015258789,-4.30000019073486,0.0,0.0
55.5,-4.30000019073486,0.0,0.0
55.5999984741211,-4.30000019073486,0.0,0.0
55.7000007629395,-4.30000019073486,0.0,0.0
55.7999992370605,-4.30000019073486,0.0,0.0
55.9000015258789,-4.30000019073486,0.0,0.0
56.0,-4.30000019073486,0.0,0.0
50.4000015258789,-4.19999980926514,0.0,0.0
50.5,-4.19999980926514,0.0,0.0
50.5999984741211,-4.19999980926514,0.0,0.0
50.7000007629395,-4.19999980926514,0.0,0.0
50.7999992370605,-4.19999980926514,0.0,0.0
50.9000015258789,-4.19999980926514,0.0,0.0
51.0,-4.19999980926514,0.0,0.0
51.0999984741211,-4.19999980926514,0.0,0.0
51.5999984741211,-4.19999980926514,0.0,0.0
51.7000007629395,-4.19999980926514,0.0,0.0
51.7999992370605,-4.19999980926514,0.0,0.0
51.9000015258789,-4.19999980926514,0.0,0.0
52.0,-4.19999980926514,0.0,0.0
52.0999984741211,-4.19999980926514,0.0,0.0
52.2000007629395,-4.19999980926514,0.0,0.0
53.0,-4.19999980926514,0.0,0.0
53.0999984741211,-4.19999980926514,0.0,0.0
53.2000007629395,-4.19999980926514,0.0,0.0
54.9000015258789,-4.19999980926514,0.0,0.0
55.0,-4.19999980926514,0.0,0.0
55.0999984741211,-4.19999980926514,0.0,0.0
55.2000007629395,-4.19999980926514,0.0,0.0
55.2999992370605,-4.19999980926514,0.0,0.0
55.4000015258789,-4.19999980926514,0.0,0.0
55.5,-4.19999980926514,0.0,0.0
55.5999984741211,-4.19999980926514,0.0,0.0
55.7000007629395,-4.19999980926514,0.0,0.0
55.7999992370605,-4.19999980926514,0.0,0.0
55.9000015258789,-4.19999980926514,0.0,0.0
56.0,-4.19999980926514,0.0,0.0
50.4000015258789,-4.09999990463257,0.0,0.0
50.5,-4.09999990463257,0.0,0.0
50.5999984741211,-4.09999990463257,0.0,0.0
50.7000007629395,-4.09999990463257,0.0,0.0
50.7999992370605,-4.09999990463257,0.0,0.0
50.9000015258789,-4.09999990463257,0.0,0.0
51.0,-4.09999990463257,0.0,0.0
51.0999984741211,-4.09999990463257,0.0,0.0
51.2000007629395,-4.09999990463257,0.0,0.0
51.5999984741211,-4.09999990463257,0.0,0.0
51.7000007629395,-4.09999990463257,0.0,0.0
51.7999992370605,-4.09999990463257,0.0,0.0
51.9000015258789,-4.09999990463257,0.0,0.0
52.0,-4.09999990463257,0.0,0.0
52.0999984741211,-4.09999990463257,0.0,0.0
52.2000007629395,-4.09999990463257,0.0,0.0
52.2999992370605,-4.09999990463257,0.0,0.0
52.5999984741211,-4.09999990463257,0.0,0.0
52.7999992370605,-4.09999990463257,0.0,0.0
52.9000015258789,-4.09999990463257,0.0,0.0
53.0,-4.09999990463257,0.0,0.0
53.0999984741211,-4.09999990463257,0.0,0.0
53.2000007629395,-4.09999990463257,0.0,0.0
54.7999992370605,-4.09999990463257,0.0,0.0
54.9000015258789,-4.09999990463257,0.0,0.0
55.0,-4.09999990463257,0.0,0.0
55.0999984741211,-4.09999990463257,0.0,0.0
55.2000007629395,-4.09999990463257,0.0,0.0
55.2999992370605,-4.09999990463257,0.0,0.0
55.4000015258789,-4.09999990463257,0.0,0.0
55.5,-4.09999990463257,0.0,1.0
55.5999984741211,-4.09999990463257,0.0,0.0
55.7000007629395,-4.09999990463257,0.0,0.0
55.7999992370605,-4.09999990463257,0.0,0.0
55.9000015258789,-4.09999990463257,0.0,0.0
56.0,-4.09999990463257,0.0,0.0
50.4000015258789,-4.0,0.0,0.0
50.5,-4.0,0.0,0.0
50.5999984741211,-4.0,0.0,0.0
50.7000007629395,-4.0,0.0,0.0
50.7999992370605,-4.0,0.0,0.0
50.9000015258789,-4.0,0.0,0.0
51.0,-4.0,0.0,0.0
51.0999984741211,-4.0,0.0,0.0
51.2000007629395,-4.0,0.0,0.0
51.5999984741211,-4.0,0.0,0.0
51.7000007629395,-4.0,0.0,0.0
51.7999992370605,-4.0,0.0,0.0
51.9000015258789,-4.0,0.0,0.0
52.0,-4.0,0.0,0.0
52.0999984741211,-4.0,0.0,0.0
52.2000007629395,-4.0,0.0,0.0
52.2999992370605,-4.0,0.0,0.0
52.4000015258789,-4.0,0.0,0.0
52.5,-4.0,0.0,0.0
52.5999984741211,-4.0,0.0,0.0
52.7000007629395,-4.0,0.0,0.0
52.7999992370605,-4.0,0.0,0.0
52.9000015258789,-4.0,0.0,0.0
53.0,-4.0,0.0,0.0
53.0999984741211,-4.0,0.0,0.0
53.2000007629395,-4.0,0.0,0.0
54.7999992370605,-4.0,0.0,0.0
54.9000015258789,-4.0,0.0,0.0
55.0,-4.0,0.0,0.0
55.0999984741211,-4.0,0.0,0.0
55.2000007629395,-4.0,0.0,0.0
55.2999992370605,-4.0,0.0,0.0
55.4000015258789,-4.0,0.0,0.0
55.5,-4.0,0.0,0.0
55.5999984741211,-4.0,0.0,0.0
55.7000007629395,-4.0,0.0,0.0
55.7999992370605,-4.0,0.0,0.0
55.9000015258789,-4.0,0.0,0.0
56.0,-4.0,0.0,0.0
50.4000015258789,-3.90000009536743,0.0,0.0
50.5,-3.90000009536743,0.0,0.0
50.5999984741211,-3.90000009536743,0.0,0.0
50.7000007629395,-3.90000009536743,0.0,0.0
50.7999992370605,-3.90000009536743,0.0,0.0
50.9000015258789,-3.90000009536743,0.0,0.0
51.0,-3.90000009536743,0.0,0.0
51.0999984741211,-3.90000009536743,0.0,0.0
51.2000007629395,-3.90000009536743,0.0,0.0
51.7000007629395,-3.90000009536743,0.0,0.0
51.7999992370605,-3.90000009536743,0.0,0.0
51.9000015258789,-3.90000009536743,0.0,0.0
52.0,-3.90000009536743,0.0,0.0
52.0999984741211,-3.90000009536743,0.0,0.0
52.2000007629395,-3.90000009536743,0.0,0.0
52.2999992370605,-3.90000009536743,1.0,0.0
52.4000015258789,-3.90000009536743,0.0,0.0
52.5,-3.90000009536743,0.0,1.0
52.5999984741211,-3.90000009536743,0.0,0.0
52.7000007629395,-3.90000009536743,0.0,0.0
52.7999992370605,-3.90000009536743,0.0,0.0
52.9000015258789,-3.90000009536743,0.0,0.0
53.0,-3.90000009536743,0.0,0.0
53.0999984741211,-3.90000009536743,0.0,0.0
53.2000007629395,-3.90000009536743,0.0,0.0
54.7999992370605,-3.90000009536743,0.0,0.0
54.9000015258789,-3.90000009536743,0.0,0.0
55.0,-3.90000009536743,0.0,0.0
55.0999984741211,-3.90000009536743,0.0,1.0
55.2000007629395,-3.90000009536743,0.0,0.0
55.2999992370605,-3.90000009536743,0.0,0.0
55.4000015258789,-3.90000009536743,0.0,0.0
55.5,-3.90000009536743,0.0,0.0
55.5999984741211,-3.90000009536743,0.0,1.0
55.7000007629395,-3.90000009536743,0.0,0.0
55.7999992370605,-3.90000009536743,0.0,0.0
55.9000015258789,-3.90000009536743,0.0,1.0
56.0,-3.90000009536743,0.0,0.0
50.2999992370605,-3.79999995231628,0.0,0.0
50.4000015258789,-3.79999995231628,0.0,0.0
50.5,-3.79999995231628,0.0,0.0
50.5999984741211,-3.79999995231628,0.0,0.0
50.7000007629395,-3.79999995231628,0.0,0.0
50.7999992370605,-3.79999995231628,0.0,0.0
50.9000015258789,-3.79999995231628,0.0,0.0
51.0,-3.79999995231628,0.0,0.0
51.0999984741211,-3.79999995231628,0.0,0.0
51.2000007629395,-3.79999995231628,0.0,0.0
51.5999984741211,-3.79999995231628,0.0,0.0
51.7000007629395,-3.79999995231628,0.0,0.0
51.7999992370605,-3.79999995231628,0.0,0.0
51.9000015258789,-3.79999995231628,0.0,0.0
52.0,-3.79999995231628,0.0,0.0
52.0999984741211,-3.79999995231628,0.0,0.0
52.2000007629395,-3.79999995231628,0.0,0.0
52.2999992370605,-3.79999995231628,0.0,0.0
52.4000015258789,-3.79999995231628,0.0,0.0
52.5,-3.79999995231628,0.0,0.0
52.5999984741211,-3.79999995231628,0.0,0.0
52.7000007629395,-3.79999995231628,0.0,0.0
52.7999992370605,-3.79999995231628,0.0,0.0
52.9000015258789,-3.79999995231628,0.0,0.0
53.0,-3.79999995231628,0.0,0.0
53.0999984741211,-3.79999995231628,0.0,0.0
53.2000007629395,-3.79999995231628,0.0,0.0
54.9000015258789,-3.79999995231628,0.0,0.0
55.0,-3.79999995231628,0.0,0.0
55.0999984741211,-3.79999995231628,0.0,0.0
55.2000007629395,-3.79999995231628,0.0,0.0
55.2999992370605,-3.79999995231628,0.0,0.0
55.4000015258789,-3.79999995231628,0.0,0.0
55.5,-3.79999995231628,0.0,0.0
55.5999984741211,-3.79999995231628,0.0,0.0
55.7000007629395,-3.79999995231628,0.0,0.0
55.7999992370605,-3.79999995231628,0.0,0.0
55.9000015258789,-3.79999995231628,0.0,0.0
56.0,-3.79999995231628,0.0,0.0
50.2999992370605,-3.70000004768372,0.0,0.0
50.4000015258789,-3.70000004768372,0.0,0.0
50.5,-3.70000004768372,0.0,0.0
50.5999984741211,-3.70000004768372,1.0,0.0
50.7000007629395,-3.70000004768372,0.0,0.0
50.7999992370605,-3.70000004768372,0.0,0.0
50.9000015258789,-3.70000004768372,0.0,0.0
51.0,-3.70000004768372,0.0,0.0
51.0999984741211,-3.70000004768372,0.0,0.0
51.2000007629395,-3.70000004768372,0.0,0.0
51.5999984741211,-3.70000004768372,0.0,0.0
51.7000007629395,-3.70000004768372,0.0,0.0
51.7999992370605,-3.70000004768372,0.0,0.0
52.0,-3.70000004768372,0.0,0.0
52.0999984741211,-3.70000004768372,0.0,0.0
52.2000007629395,-3.70000004768372,0.0,0.0
52.2999992370605,-3.70000004768372,0.0,0.0
52.4000015258789,-3.70000004768372,0.0,0.0
52.5,-3.70000004768372,0.0,0.0
52.5999984741211,-3.70000004768372,0.0,0.0
52.7999992370605,-3.70000004768372,0.0,0.0
52.9000015258789,-3.70000004768372,0.0,0.0
53.0,-3.70000004768372,0.0,0.0
53.0999984741211,-3.70000004768372,0.0,0.0
53.2000007629395,-3.70000004768372,0.0,0.0
54.9000015258789,-3.70000004768372,0.0,0.0
55.0,-3.70000004768372,0.0,0.0
55.0999984741211,-3.70000004768372,0.0,0.0
55.2000007629395,-3.70000004768372,0.0,0.0
55.2999992370605,-3.70000004768372,0.0,0.0
55.4000015258789,-3.70000004768372,0.0,0.0
55.5,-3.70000004768372,0.0,0.0
55.5999984741211,-3.70000004768372,0.0,0.0
55.7000007629395,-3.70000004768372,0.0,0.0
55.7999992370605,-3.70000004768372,0.0,0.0
55.9000015258789,-3.70000004768372,0.0,0.0
56.0,-3.70000004768372,0.0,0.0
50.4000015258789,-3.59999990463257,0.0,0.0
50.5,-3.59999990463257,0.0,0.0
50.5999984741211,-3.59999990463257,0.0,0.0
50.7000007629395,-3.59999990463257,0.0,0.0
50.7999992370605,-3.59999990463257,0.0,0.0
50.9000015258789,-3.59999990463257,0.0,0.0
51.0,-3.59999990463257,0.0,0.0
51.0999984741211,-3.59999990463257,0.0,0.0
51.2000007629395,-3.59999990463257,0.0,0.0
51.5,-3.59999990463257,0.0,0.0
51.5999984741211,-3.59999990463257,0.0,0.0
51.7000007629395,-3.59999990463257,0.0,0.0
51.7999992370605,-3.59999990463257,0.0,0.0
51.9000015258789,-3.59999990463257,0.0,0.0
52.0,-3.59999990463257,0.0,0.0
52.0999984741211,-3.59999990463257,0.0,0.0
52.2000007629395,-3.59999990463257,0.0,0.0
52.2999992370605,-3.59999990463257,0.0,0.0
52.4000015258789,-3.59999990463257,0.0,0.0
52.5,-3.59999990463257,0.0,0.0
52.5999984741211,-3.59999990463257,0.0,0.0
52.7000007629395,-3.59999990463257,0.0,0.0
52.7999992370605,-3.59999990463257,0.0,0.0
52.9000015258789,-3.59999990463257,0.0,0.0
53.0,-3.59999990463257,0.0,0.0
53.0999984741211,-3.59999990463257,0.0,0.0
53.2000007629395,-3.59999990463257,0.0,0.0
54.5,-3.59999990463257,0.0,0.0
54.9000015258789,-3.59999990463257,0.0,0.0
55.0,-3.59999990463257,0.0,0.0
55.0999984741211,-3.59999990463257,0.0,0.0
55.2000007629395,-3.59999990463257,0.0,0.0
55.2999992370605,-3.59999990463257,0.0,0.0
55.4000015258789,-3.59999990463257,0.0,0.0
55.5,-3.59999990463257,0.0,0.0
55.5999984741211,-3.59999990463257,0.0,0.0
55.7000007629395,-3.59999990463257,0.0,0.0
55.7999992370605,-3.59999990463257,0.0,0.0
55.9000015258789,-3.59999990463257,0.0,0.0
56.0,-3.59999990463257,0.0,0.0
50.5999984741211,-3.5,0.0,0.0
50.7000007629395,-3.5,0.0,0.0
50.7999992370605,-3.5,0.0,0.0
50.9000015258789,-3.5,0.0,0.0
51.0,-3.5,0.0,0.0
51.0999984741211,-3.5,0.0,0.0
51.2000007629395,-3.5,0.0,0.0
51.4000015258789,-3.5,0.0,0.0
51.5,-3.5,0.0,0.0
51.5999984741211,-3.5,0.0,0.0
51.7000007629395,-3.5,0.0,0.0
51.7999992370605,-3.5,0.0,0.0
51.9000015258789,-3.5,0.0,0.0
52.0,-3.5,0.0,0.0
52.0999984741211,-3.5,0.0,0.0
52.2000007629395,-3.5,0.0,0.0
52.2999992370605,-3.5,0.0,0.0
52.5,-3.5,0.0,0.0
52.5999984741211,-3.5,0.0,0.0
52.7000007629395,-3.5,0.0,0.0
52.7999992370605,-3.5,0.0,0.0
52.9000015258789,-3.5,0.0,0.0
53.0,-3.5,0.0,0.0
53.0999984741211,-3.5,0.0,0.0
53.2000007629395,-3.5,0.0,0.0
53.2999992370605,-3.5,0.0,0.0
54.5,-3.5,0.0,0.0
54.5999984741211,-3.5,0.0,0.0
54.7000007629395,-3.5,0.0,0.0
55.0,-3.5,0.0,0.0
55.0999984741211,-3.5,0.0,0.0
55.2000007629395,-3.5,0.0,0.0
55.2999992370605,-3.5,0.0,0.0
55.4000015258789,-3.5,0.0,0.0
55.5,-3.5,0.0,0.0
55.5999984741211,-3.5,0.0,0.0
55.7000007629395,-3.5,0.0,0.0
55.7999992370605,-3.5,0.0,0.0
55.9000015258789,-3.5,0.0,0.0
56.0,-3.5,0.0,0.0
50.7000007629395,-3.40000009536743,0.0,0.0
50.7999992370605,-3.40000009536743,0.0,0.0
50.9000015258789,-3.40000009536743,0.0,0.0
51.0,-3.40000009536743,0.0,0.0
51.0999984741211,-3.40000009536743,0.0,0.0
51.4000015258789,-3.40000009536743,0.0,0.0
51.5,-3.40000009536743,0.0,0.0
51.5999984741211,-3.40000009536743,0.0,0.0
51.7000007629395,-3.40000009536743,0.0,0.0
51.7999992370605,-3.40000009536743,0.0,0.0
51.9000015258789,-3.40000009536743,0.0,0.0
52.0,-3.40000009536743,0.0,0.0
52.0999984741211,-3.40000009536743,0.0,0.0
52.2000007629395,-3.40000009536743,0.0,0.0
52.2999992370605,-3.40000009536743,0.0,0.0
52.4000015258789,-3.40000009536743,0.0,0.0
52.5,-3.40000009536743,0.0,0.0
52.5999984741211,-3.40000009536743,0.0,0.0
52.7000007629395,-3.40000009536743,0.0,0.0
52.7999992370605,-3.40000009536743,0.0,0.0
52.9000015258789,-3.40000009536743,0.0,0.0
53.0,-3.40000009536743,0.0,0.0
53.0999984741211,-3.40000009536743,0.0,0.0
53.2999992370605,-3.40000009536743,0.0,0.0
54.2999992370605,-3.40000009536743,0.0,0.0
54.4000015258789,-3.40000009536743,0.0,0.0
54.5,-3.40000009536743,0.0,0.0
54.5999984741211,-3.40000009536743,0.0,0.0
54.7000007629395,-3.40000009536743,0.0,0.0
54.7999992370605,-3.40000009536743,0.0,0.0
55.0,-3.40000009536743,0.0,0.0
55.0999984741211,-3.40000009536743,0.0,0.0
55.2000007629395,-3.40000009536743,0.0,0.0
55.2999992370605,-3.40000009536743,0.0,0.0
55.4000015258789,-3.40000009536743,0.0,0.0
55.5,-3.40000009536743,0.0,0.0
55.5999984741211,-3.40000009536743,0.0,0.0
55.7000007629395,-3.40000009536743,0.0,0.0
55.7999992370605,-3.40000009536743,0.0,0.0
55.9000015258789,-3.40000009536743,0.0,0.0
56.0,-3.40000009536743,0.0,0.0
50.7000007629395,-3.29999995231628,0.0,0.0
50.7999992370605,-3.29999995231628,0.0,0.0
50.9000015258789,-3.29999995231628,0.0,0.0
51.0,-3.29999995231628,0.0,0.0
51.0999984741211,-3.29999995231628,0.0,0.0
51.4000015258789,-3.29999995231628,0.0,0.0
51.5,-3.29999995231628,0.0,0.0
51.5999984741211,-3.29999995231628,0.0,0.0
51.7000007629395,-3.29999995231628,0.0,0.0
51.7999992370605,-3.29999995231628,0.0,0.0
51.9000015258789,-3.29999995231628,0.0,0.0
52.0,-3.29999995231628,0.0,0.0
52.0999984741211,-3.29999995231628,0.0,0.0
52.2000007629395,-3.29999995231628,0.0,0.0
52.2999992370605,-3.29999995231628,0.0,0.0
52.4000015258789,-3.29999995231628,0.0,0.0
52.5,-3.29999995231628,0.0,1.0
52.5999984741211,-3.29999995231628,0.0,0.0
52.7000007629395,-3.29999995231628,0.0,0.0
52.7999992370605,-3.29999995231628,0.0,0.0
52.9000015258789,-3.29999995231628,0.0,0.0
53.0,-3.29999995231628,0.0,0.0
53.0999984741211,-3.29999995231628,0.0,0.0
53.2000007629395,-3.29999995231628,0.0,0.0
54.2999992370605,-3.29999995231628,0.0,0.0
54.4000015258789,-3.29999995231628,0.0,0.0
54.5,-3.29999995231628,0.0,0.0
54.5999984741211,-3.29999995231628,0.0,0.0
54.7000007629395,-3.29999995231628,0.0,0.0
54.7999992370605,-3.29999995231628,0.0,0.0
55.0,-3.29999995231628,0.0,0.0
55.0999984741211,-3.29999995231628,0.0,0.0
55.2000007629395,-3.29999995231628,0.0,0.0
55.2999992370605,-3.29999995231628,0.0,0.0
55.4000015258789,-3.29999995231628,0.0,0.0
55.5,-3.29999995231628,0.0,0.0
55.5999984741211,-3.29999995231628,0.0,0.0
55.7000007629395,-3.29999995231628,0.0,0.0
55.7999992370605,-3.29999995231628,0.0,0.0
55.9000015258789,-3.29999995231628,0.0,0.0
56.0,-3.29999995231628,0.0,0.0
50.7000007629395,-3.20000004768372,0.0,0.0
50.7999992370605,-3.20000004768372,0.0,0.0
50.9000015258789,-3.20000004768372,1.0,0.0
51.0,-3.20000004768372,0.0,0.0
51.0999984741211,-3.20000004768372,0.0,0.0
51.4000015258789,-3.20000004768372,0.0,0.0
51.5,-3.20000004768372,0.0,0.0
51.5999984741211,-3.20000004768372,0.0,0.0
51.7000007629395,-3.20000004768372,0.0,0.0
51.7999992370605,-3.20000004768372,0.0,0.0
51.9000015258789,-3.20000004768372,0.0,0.0
52.0,-3.20000004768372,0.0,0.0
52.0999984741211,-3.20000004768372,0.0,0.0
52.2000007629395,-3.20000004768372,0.0,0.0
52.2999992370605,-3.20000004768372,0.0,0.0
52.4000015258789,-3.20000004768372,0.0,0.0
52.5,-3.20000004768372,0.0,0.0
52.5999984741211,-3.20000004768372,0.0,0.0
52.7000007629395,-3.20000004768372,0.0,0.0
52.7999992370605,-3.20000004768372,0.0,0.0
52.9000015258789,-3.20000004768372,0.0,0.0
53.0,-3.20000004768372,0.0,0.0
53.0999984741211,-3.20000004768372,0.0,0.0
53.2000007629395,-3.20000004768372,0.0,0.0
54.2000007629395,-3.20000004768372,0.0,0.0
54.2999992370605,-3.20000004768372,0.0,0.0
54.4000015258789,-3.20000004768372,0.0,0.0
54.5,-3.20000004768372,0.0,0.0
54.5999984741211,-3.20000004768372,0.0,0.0
54.7000007629395,-3.20000004768372,0.0,0.0
54.7999992370605,-3.20000004768372,0.0,0.0
54.9000015258789,-3.20000004768372,0.0,0.0
55.0,-3.20000004768372,0.0,0.0
55.0999984741211,-3.20000004768372,0.0,0.0
55.2000007629395,-3.20000004768372,0.0,0.0
55.2999992370605,-3.20000004768372,0.0,0.0
55.4000015258789,-3.20000004768372,0.0,0.0
55.5,-3.20000004768372,0.0,0.0
55.5999984741211,-3.20000004768372,0.0,0.0
55.7000007629395,-3.20000004768372,0.0,0.0
55.7999992370605,-3.20000004768372,0.0,0.0
55.9000015258789,-3.20000004768372,0.0,0.0
50.7000007629395,-3.09999990463257,0.0,0.0
50.7999992370605,-3.09999990463257,0.0,0.0
50.9000015258789,-3.09999990463257,0.0,0.0
51.0,-3.09999990463257,0.0,0.0
51.0999984741211,-3.09999990463257,0.0,0.0
51.5999984741211,-3.09999990463257,0.0,0.0
51.7000007629395,-3.09999990463257,0.0,0.0
51.7999992370605,-3.09999990463257,0.0,0.0
51.9000015258789,-3.09999990463257,0.0,0.0
52.0,-3.09999990463257,0.0,0.0
52.0999984741211,-3.09999990463257,0.0,0.0
52.2000007629395,-3.09999990463257,0.0,0.0
52.2999992370605,-3.09999990463257,0.0,0.0
52.4000015258789,-3.09999990463257,0.0,0.0
52.5,-3.09999990463257,0.0,0.0
52.5999984741211,-3.09999990463257,0.0,0.0
52.7000007629395,-3.09999990463257,0.0,0.0
52.7999992370605,-3.09999990463257,0.0,0.0
52.9000015258789,-3.09999990463257,0.0,0.0
53.0,-3.09999990463257,0.0,0.0
53.0999984741211,-3.09999990463257,0.0,0.0
53.2000007629395,-3.09999990463257,0.0,0.0
53.2999992370605,-3.09999990463257,0.0,0.0
53.4000015258789,-3.09999990463257,0.0,0.0
54.2000007629395,-3.09999990463257,0.0,0.0
54.2999992370605,-3.09999990463257,0.0,0.0
54.4000015258789,-3.09999990463257,0.0,0.0
54.5,-3.09999990463257,0.0,0.0
54.5999984741211,-3.09999990463257,0.0,0.0
54.7000007629395,-3.09999990463257,0.0,0.0
54.7999992370605,-3.09999990463257,0.0,0.0
54.9000015258789,-3.09999990463257,0.0,0.0
55.0,-3.09999990463257,0.0,0.0
55.0999984741211,-3.09999990463257,0.0,0.0
55.2000007629395,-3.09999990463257,0.0,0.0
55.2999992370605,-3.09999990463257,0.0,0.0
55.5999984741211,-3.09999990463257,0.0,0.0
55.7000007629395,-3.09999990463257,0.0,0.0
55.7999992370605,-3.09999990463257,0.0,0.0
55.9000015258789,-3.09999990463257,0.0,0.0
50.7000007629395,-3.0,0.0,0.0
50.7999992370605,-3.0,0.0,0.0
50.9000015258789,-3.0,0.0,0.0
51.0,-3.0,0.0,0.0
51.0999984741211,-3.0,0.0,0.0
51.2000007629395,-3.0,0.0,0.0
51.5999984741211,-3.0,0.0,0.0
51.7000007629395,-3.0,0.0,1.0
51.7999992370605,-3.0,0.0,0.0
51.9000015258789,-3.0,0.0,0.0
52.0,-3.0,0.0,0.0
52.0999984741211,-3.0,0.0,0.0
52.2000007629395,-3.0,0.0,0.0
52.2999992370605,-3.0,0.0,0.0
52.4000015258789,-3.0,0.0,0.0
52.5,-3.0,0.0,0.0
52.5999984741211,-3.0,0.0,0.0
52.7000007629395,-3.0,0.0,0.0
52.7999992370605,-3.0,0.0,0.0
52.9000015258789,-3.0,0.0,0.0
53.0,-3.0,0.0,0.0
53.0999984741211,-3.0,0.0,0.0
53.2000007629395,-3.0,0.0,0.0
53.4000015258789,-3.0,0.0,0.0
53.5,-3.0,0.0,0.0
53.5999984741211,-3.0,0.0,0.0
53.7000007629395,-3.0,0.0,0.0
53.7999992370605,-3.0,0.0,0.0
53.9000015258789,-3.0,0.0,0.0
54.2000007629395,-3.0,0.0,0.0
54.2999992370605,-3.0,0.0,0.0
54.4000015258789,-3.0,0.0,0.0
54.5,-3.0,0.0,0.0
54.5999984741211,-3.0,0.0,0.0
54.7000007629395,-3.0,0.0,0.0
54.7999992370605,-3.0,0.0,0.0
54.9000015258789,-3.0,0.0,0.0
55.0,-3.0,0.0,0.0
55.0999984741211,-3.0,0.0,0.0
55.2000007629395,-3.0,0.0,0.0
55.2999992370605,-3.0,0.0,0.0
55.4000015258789,-3.0,0.0,0.0
55.5,-3.0,0.0,0.0
55.5999984741211,-3.0,0.0,0.0
55.7000007629395,-3.0,0.0,0.0
55.7999992370605,-3.0,0.0,0.0
55.9000015258789,-3.0,0.0,0.0
50.7999992370605,-2.90000009536743,0.0,0.0
50.9000015258789,-2.90000009536743,0.0,0.0
51.0,-2.90000009536743,0.0,0.0
51.0999984741211,-2.90000009536743,0.0,0.0
51.2000007629395,-2.90000009536743,0.0,0.0
51.2999992370605,-2.90000009536743,0.0,0.0
51.5999984741211,-2.90000009536743,0.0,0.0
51.7000007629395,-2.90000009536743,0.0,0.0
51.7999992370605,-2.90000009536743,0.0,0.0
51.9000015258789,-2.90000009536743,0.0,0.0
52.0,-2.90000009536743,0.0,0.0
52.0999984741211,-2.90000009536743,0.0,0.0
52.2000007629395,-2.90000009536743,0.0,0.0
52.2999992370605,-2.90000009536743,0.0,0.0
52.4000015258789,-2.90000009536743,0.0,0.0
52.5,-2.90000009536743,0.0,0.0
52.5999984741211,-2.90000009536743,0.0,0.0
52.7000007629395,-2.90000009536743,0.0,0.0
52.7999992370605,-2.90000009536743,0.0,0.0
52.9000015258789,-2.90000009536743,0.0,0.0
53.0,-2.90000009536743,0.0,0.0
53.0999984741211,-2.90000009536743,0.0,0.0
53.2000007629395,-2.90000009536743,0.0,0.0
53.4000015258789,-2.90000009536743,0.0,0.0
53.5,-2.90000009536743,0.0,0.0
53.5999984741211,-2.90000009536743,0.0,0.0
53.7000007629395,-2.90000009536743,0.0,0.0
53.7999992370605,-2.90000009536743,0.0,0.0
53.9000015258789,-2.90000009536743,0.0,0.0
54.0,-2.90000009536743,0.0,0.0
54.2999992370605,-2.90000009536743,0.0,0.0
54.4000015258789,-2.90000009536743,0.0,0.0
54.5,-2.90000009536743,0.0,0.0
54.5999984741211,-2.90000009536743,0.0,0.0
54.7000007629395,-2.90000009536743,0.0,0.0
54.7999992370605,-2.90000009536743,0.0,0.0
54.9000015258789,-2.90000009536743,0.0,0.0
55.0,-2.90000009536743,0.0,0.0
55.0999984741211,-2.90000009536743,0.0,0.0
55.2000007629395,-2.90000009536743,0.0,0.0
55.2999992370605,-2.90000009536743,0.0,0.0
55.4000015258789,-2.90000009536743,0.0,0.0
55.5,-2.90000009536743,0.0,0.0
55.5999984741211,-2.90000009536743,0.0,0.0
55.7000007629395,-2.90000009536743,0.0,0.0
55.7999992370605,-2.90000009536743,0.0,0.0
55.9000015258789,-2.90000009536743,0.0,1.0
50.7999992370605,-2.79999995231628,0.0,0.0
50.9000015258789,-2.79999995231628,0.0,0.0
51.0,-2.79999995231628,0.0,0.0
51.0999984741211,-2.79999995231628,0.0,0.0
51.2000007629395,-2.79999995231628,0.0,0.0
51.2999992370605,-2.79999995231628,1.0,0.0
51.4000015258789,-2.79999995231628,0.0,0.0
51.5999984741211,-2.79999995231628,0.0,0.0
51.7000007629395,-2.79999995231628,0.0,0.0
51.7999992370605,-2.79999995231628,0.0,0.0
52.0,-2.79999995231628,0.0,0.0
52.0999984741211,-2.79999995231628,0.0,0.0
52.2000007629395,-2.79999995231628,0.0,0.0
52.2999992370605,-2.79999995231628,0.0,0.0
52.4000015258789,-2.79999995231628,0.0,0.0
52.5,-2.79999995231628,0.0,0.0
52.5999984741211,-2.79999995231628,0.0,0.0
52.7000007629395,-2.79999995231628,0.0,0.0
52.7999992370605,-2.79999995231628,0.0,0.0
52.9000015258789,-2.79999995231628,0.0,0.0
53.0,-2.79999995231628,0.0,0.0
53.0999984741211,-2.79999995231628,0.0,1.0
53.2000007629395,-2.79999995231628,0.0,0.0
53.2999992370605,-2.79999995231628,0.0,0.0
53.4000015258789,-2.79999995231628,0.0,0.0
53.5,-2.79999995231628,0.0,0.0
53.5999984741211,-2.79999995231628,0.0,0.0
53.7000007629395,-2.79999995231628,0.0,0.0
53.7999992370605,-2.79999995231628,0.0,0.0
53.9000015258789,-2.79999995231628,0.0,0.0
54.0,-2.79999995231628,0.0,0.0
54.0999984741211,-2.79999995231628,0.0,0.0
54.2000007629395,-2.79999995231628,0.0,0.0
54.2999992370605,-2.79999995231628,0.0,0.0
54.4000015258789,-2.79999995231628,0.0,0.0
54.5,-2.79999995231628,0.0,0.0
54.5999984741211,-2.79999995231628,0.0,0.0
54.7000007629395,-2.79999995231628,0.0,0.0
54.7999992370605,-2.79999995231628,0.0,0.0
54.9000015258789,-2.79999995231628,0.0,0.0
55.0,-2.79999995231628,0.0,0.0
55.0999984741211,-2.79999995231628,0.0,0.0
55.2000007629395,-2.79999995231628,0.0,0.0
55.2999992370605,-2.79999995231628,0.0,0.0
55.4000015258789,-2.79999995231628,0.0,0.0
55.5,-2.79999995231628,0.0,0.0
55.5999984741211,-2.79999995231628,0.0,0.0
55.7000007629395,-2.79999995231628,0.0,0.0
55.7999992370605,-2.79999995231628,0.0,0.0
55.9000015258789,-2.79999995231628,0.0,0.0
56.0,-2.79999995231628,0.0,0.0
50.7000007629395,-2.70000004768372,0.0,0.0
50.7999992370605,-2.70000004768372,0.0,0.0
50.9000015258789,-2.70000004768372,0.0,0.0
51.0,-2.70000004768372,0.0,0.0
51.0999984741211,-2.70000004768372,0.0,0.0
51.2000007629395,-2.70000004768372,0.0,0.0
51.2999992370605,-2.70000004768372,0.0,0.0
51.4000015258789,-2.70000004768372,0.0,0.0
51.5,-2.70000004768372,0.0,0.0
51.7000007629395,-2.70000004768372,0.0,0.0
51.7999992370605,-2.70000004768372,0.0,0.0
51.9000015258789,-2.70000004768372,0.0,0.0
52.0,-2.70000004768372,0.0,0.0
52.0999984741211,-2.70000004768372,0.0,0.0
52.2000007629395,-2.70000004768372,0.0,0.0
52.2999992370605,-2.70000004768372,0.0,0.0
52.4000015258789,-2.70000004768372,0.0,0.0
52.5,-2.70000004768372,0.0,0.0
52.5999984741211,-2.70000004768372,0.0,0.0
52.7000007629395,-2.70000004768372,0.0,0.0
52.7999992370605,-2.70000004768372,0.0,0.0
52.9000015258789,-2.70000004768372,0.0,0.0
53.0,-2.70000004768372,0.0,0.0
53.0999984741211,-2.70000004768372,0.0,0.0
53.2000007629395,-2.70000004768372,0.0,0.0
53.2999992370605,-2.70000004768372,0.0,0.0
53.4000015258789,-2.70000004768372,0.0,0.0
53.5,-2.70000004768372,0.0,0.0
53.5999984741211,-2.70000004768372,0.0,0.0
53.7000007629395,-2.70000004768372,0.0,0.0
53.7999992370605,-2.70000004768372,0.0,0.0
53.9000015258789,-2.70000004768372,0.0,0.0
54.0,-2.70000004768372,0.0,0.0
54.0999984741211,-2.70000004768372,0.0,0.0
54.2000007629395,-2.70000004768372,0.0,0.0
54.2999992370605,-2.70000004768372,0.0,0.0
54.4000015258789,-2.70000004768372,0.0,0.0
54.5,-2.70000004768372,0.0,0.0
54.5999984741211,-2.70000004768372,0.0,0.0
54.7000007629395,-2.70000004768372,0.0,0.0
54.7999992370605,-2.70000004768372,0.0,0.0
54.9000015258789,-2.70000004768372,0.0,0.0
55.0,-2.70000004768372,0.0,0.0
55.0999984741211,-2.70000004768372,0.0,0.0
55.2000007629395,-2.70000004768372,0.0,0.0
55.2999992370605,-2.70000004768372,0.0,0.0
55.4000015258789,-2.70000004768372,0.0,0.0
55.5,-2.70000004768372,0.0,0.0
55.5999984741211,-2.70000004768372,0.0,0.0
55.7000007629395,-2.70000004768372,0.0,0.0
55.7999992370605,-2.70000004768372,0.0,0.0
55.9000015258789,-2.70000004768372,0.0,0.0
56.0,-2.70000004768372,0.0,0.0
50.7000007629395,-2.59999990463257,0.0,0.0
50.7999992370605,-2.59999990463257,0.0,0.0
50.9000015258789,-2.59999990463257,0.0,0.0
51.0,-2.59999990463257,0.0,0.0
51.0999984741211,-2.59999990463257,0.0,0.0
51.2000007629395,-2.59999990463257,0.0,0.0
51.2999992370605,-2.59999990463257,0.0,0.0
51.4000015258789,-2.59999990463257,0.0,0.0
51.5,-2.59999990463257,0.0,0.0
51.5999984741211,-2.59999990463257,0.0,0.0
51.7000007629395,-2.59999990463257,0.0,0.0
51.7999992370605,-2.59999990463257,0.0,0.0
51.9000015258789,-2.59999990463257,0.0,0.0
52.0,-2.59999990463257,0.0,0.0
52.0999984741211,-2.59999990463257,0.0,0.0
52.2000007629395,-2.59999990463257,0.0,0.0
52.2999992370605,-2.59999990463257,0.0,0.0
52.4000015258789,-2.59999990463257,0.0,0.0
52.5,-2.59999990463257,0.0,0.0
52.5999984741211,-2.59999990463257,0.0,0.0
52.7000007629395,-2.59999990463257,0.0,0.0
52.7999992370605,-2.59999990463257,0.0,0.0
52.9000015258789,-2.59999990463257,0.0,0.0
53.0,-2.59999990463257,0.0,0.0
53.0999984741211,-2.59999990463257,0.0,0.0
53.2000007629395,-2.59999990463257,0.0,0.0
53.2999992370605,-2.59999990463257,0.0,0.0
53.4000015258789,-2.59999990463257,0.0,0.0
53.5,-2.59999990463257,0.0,0.0
53.5999984741211,-2.59999990463257,0.0,0.0
53.7000007629395,-2.59999990463257,0.0,0.0
53.7999992370605,-2.59999990463257,0.0,0.0
53.9000015258789,-2.59999990463257,0.0,0.0
54.0,-2.59999990463257,0.0,0.0
54.0999984741211,-2.59999990463257,0.0,0.0
54.2000007629395,-2.59999990463257,0.0,0.0
54.2999992370605,-2.59999990463257,0.0,0.0
54.4000015258789,-2.59999990463257,0.0,0.0
54.5,-2.59999990463257,0.0,0.0
54.5999984741211,-2.59999990463257,0.0,0.0
54.7000007629395,-2.59999990463257,0.0,0.0
54.7999992370605,-2.59999990463257,0.0,0.0
54.9000015258789,-2.59999990463257,0.0,0.0
55.0,-2.59999990463257,0.0,0.0
55.0999984741211,-2.59999990463257,0.0,0.0
55.2000007629395,-2.59999990463257,0.0,0.0
55.2999992370605,-2.59999990463257,0.0,0.0
55.4000015258789,-2.59999990463257,0.0,0.0
55.5,-2.59999990463257,0.0,0.0
55.5999984741211,-2.59999990463257,0.0,0.0
55.7000007629395,-2.59999990463257,0.0,0.0
55.7999992370605,-2.59999990463257,0.0,0.0
55.9000015258789,-2.59999990463257,0.0,0.0
56.0,-2.59999990463257,0.0,0.0
50.7000007629395,-2.5,0.0,0.0
50.7999992370605,-2.5,0.0,0.0
50.9000015258789,-2.5,0.0,0.0
51.0,-2.5,0.0,0.0
51.0999984741211,-2.5,0.0,0.0
51.2000007629395,-2.5,0.0,0.0
51.2999992370605,-2.5,1.0,0.0
51.4000015258789,-2.5,0.0,0.0
51.5,-2.5,0.0,0.0
51.5999984741211,-2.5,0.0,0.0
51.7000007629395,-2.5,0.0,0.0
51.7999992370605,-2.5,0.0,0.0
51.9000015258789,-2.5,0.0,0.0
52.0,-2.5,0.0,0.0
52.0999984741211,-2.5,0.0,0.0
52.2000007629395,-2.5,0.0,0.0
52.2999992370605,-2.5,0.0,0.0
52.4000015258789,-2.5,0.0,0.0
52.5,-2.5,0.0,0.0
52.5999984741211,-2.5,0.0,0.0
52.7000007629395,-2.5,0.0,0.0
52.7999992370605,-2.5,0.0,0.0
52.9000015258789,-2.5,0.0,0.0
53.0,-2.5,0.0,0.0
53.0999984741211,-2.5,0.0,0.0
53.2000007629395,-2.5,0.0,0.0
53.2999992370605,-2.5,0.0,0.0
53.4000015258789,-2.5,0.0,0.0
53.5,-2.5,0.0,0.0
53.5999984741211,-2.5,0.0,0.0
53.7000007629395,-2.5,0.0,0.0
53.7999992370605,-2.5,0.0,0.0
53.9000015258789,-2.5,0.0,0.0
54.0,-2.5,0.0,0.0
54.0999984741211,-2.5,0.0,0.0
54.2000007629395,-2.5,0.0,0.0
54.2999992370605,-2.5,0.0,0.0
54.4000015258789,-2.5,0.0,0.0
54.5,-2.5,0.0,0.0
54.5999984741211,-2.5,0.0,0.0
54.7000007629395,-2.5,0.0,0.0
54.7999992370605,-2.5,0.0,0.0
54.9000015258789,-2.5,0.0,0.0
55.0,-2.5,0.0,0.0
55.0999984741211,-2.5,0.0,0.0
55.2000007629395,-2.5,0.0,0.0
55.2999992370605,-2.5,0.0,0.0
55.4000015258789,-2.5,0.0,0.0
55.5,-2.5,0.0,0.0
55.5999984741211,-2.5,0.0,0.0
55.7000007629395,-2.5,0.0,0.0
55.7999992370605,-2.5,0.0,0.0
55.9000015258789,-2.5,0.0,0.0
56.0,-2.5,0.0,1.0
50.7000007629395,-2.40000009536743,0.0,0.0
50.7999992370605,-2.40000009536743,0.0,0.0
50.9000015258789,-2.40000009536743,0.0,0.0
51.0,-2.40000009536743,0.0,0.0
51.0999984741211,-2.40000009536743,0.0,0.0
51.2000007629395,-2.40000009536743,0.0,0.0
51.2999992370605,-2.40000009536743,0.0,0.0
51.4000015258789,-2.40000009536743,0.0,0.0
51.5,-2.40000009536743,0.0,0.0
51.5999984741211,-2.40000009536743,0.0,0.0
51.7000007629395,-2.40000009536743,0.0,0.0
51.7999992370605,-2.40000009536743,0.0,0.0
51.9000015258789,-2.40000009536743,0.0,0.0
52.0,-2.40000009536743,0.0,0.0
52.0999984741211,-2.40000009536743,0.0,0.0
52.2000007629395,-2.40000009536743,0.0,0.0
52.2999992370605,-2.40000009536743,0.0,0.0
52.4000015258789,-2.40000009536743,0.0,0.0
52.5,-2.40000009536743,0.0,0.0
52.5999984741211,-2.40000009536743,0.0,0.0
52.7000007629395,-2.40000009536743,0.0,0.0
52.7999992370605,-2.40000009536743,0.0,0.0
52.9000015258789,-2.40000009536743,0.0,0.0
53.0,-2.40000009536743,0.0,0.0
53.0999984741211,-2.40000009536743,0.0,0.0
53.2000007629395,-2.40000009536743,0.0,0.0
53.2999992370605,-2.40000009536743,0.0,0.0
53.4000015258789,-2.40000009536743,0.0,0.0
53.5,-2.40000009536743,0.0,0.0
53.5999984741211,-2.40000009536743,0.0,0.0
53.7000007629395,-2.40000009536743,0.0,0.0
53.7999992370605,-2.40000009536743,0.0,0.0
53.9000015258789,-2.40000009536743,0.0,0.0
54.0,-2.40000009536743,0.0,0.0
54.0999984741211,-2.40000009536743,0.0,0.0
54.2000007629395,-2.40000009536743,0.0,0.0
54.2999992370605,-2.40000009536743,0.0,0.0
54.4000015258789,-2.40000009536743,0.0,0.0
54.5,-2.40000009536743,0.0,0.0
54.5999984741211,-2.40000009536743,0.0,0.0
54.7000007629395,-2.40000009536743,0.0,0.0
54.7999992370605,-2.40000009536743,0.0,0.0
55.0,-2.40000009536743,0.0,0.0
55.0999984741211,-2.40000009536743,0.0,0.0
55.2000007629395,-2.40000009536743,0.0,0.0
55.2999992370605,-2.40000009536743,0.0,0.0
55.4000015258789,-2.40000009536743,0.0,0.0
55.5,-2.40000009536743,0.0,0.0
55.5999984741211,-2.40000009536743,0.0,0.0
55.7000007629395,-2.40000009536743,0.0,0.0
55.7999992370605,-2.40000009536743,0.0,0.0
55.9000015258789,-2.40000009536743,0.0,0.0
50.7000007629395,-2.29999995231628,0.0,0.0
50.7999992370605,-2.29999995231628,0.0,1.0
50.9000015258789,-2.29999995231628,0.0,0.0
51.0,-2.29999995231628,0.0,0.0
51.0999984741211,-2.29999995231628,0.0,0.0
51.2000007629395,-2.29999995231628,0.0,0.0
51.2999992370605,-2.29999995231628,0.0,0.0
51.4000015258789,-2.29999995231628,0.0,0.0
51.5,-2.29999995231628,0.0,0.0
51.5999984741211,-2.29999995231628,0.0,0.0
51.7000007629395,-2.29999995231628,0.0,0.0
51.7999992370605,-2.29999995231628,0.0,0.0
51.9000015258789,-2.29999995231628,0.0,0.0
52.0,-2.29999995231628,0.0,0.0
52.2000007629395,-2.29999995231628,0.0,0.0
52.2999992370605,-2.29999995231628,0.0,0.0
52.4000015258789,-2.29999995231628,0.0,0.0
52.5,-2.29999995231628,0.0,0.0
52.5999984741211,-2.29999995231628,0.0,0.0
52.7000007629395,-2.29999995231628,0.0,0.0
52.7999992370605,-2.29999995231628,0.0,0.0
52.9000015258789,-2.29999995231628,0.0,0.0
53.0,-2.29999995231628,0.0,0.0
53.0999984741211,-2.29999995231628,0.0,0.0
53.2000007629395,-2.29999995231628,0.0,0.0
53.2999992370605,-2.29999995231628,0.0,0.0
53.4000015258789,-2.29999995231628,0.0,1.0
53.5,-2.29999995231628,0.0,0.0
53.5999984741211,-2.29999995231628,0.0,0.0
53.7000007629395,-2.29999995231628,0.0,0.0
53.7999992370605,-2.29999995231628,0.0,0.0
53.9000015258789,-2.29999995231628,0.0,0.0
54.0,-2.29999995231628,0.0,0.0
54.0999984741211,-2.29999995231628,0.0,0.0
54.2000007629395,-2.29999995231628,0.0,0.0
54.2999992370605,-2.29999995231628,0.0,0.0
54.4000015258789,-2.29999995231628,0.0,0.0
54.5,-2.29999995231628,0.0,0.0
54.5999984741211,-2.29999995231628,0.0,0.0
54.7000007629395,-2.29999995231628,0.0,0.0
54.7999992370605,-2.29999995231628,0.0,0.0
54.9000015258789,-2.29999995231628,0.0,0.0
55.0,-2.29999995231628,0.0,0.0
55.0999984741211,-2.29999995231628,0.0,0.0
55.2000007629395,-2.29999995231628,0.0,0.0
55.2999992370605,-2.29999995231628,0.0,0.0
55.4000015258789,-2.29999995231628,0.0,0.0
55.5,-2.29999995231628,0.0,0.0
55.5999984741211,-2.29999995231628,0.0,0.0
55.7000007629395,-2.29999995231628,0.0,0.0
55.7999992370605,-2.29999995231628,0.0,0.0
55.9000015258789,-2.29999995231628,0.0,0.0
50.7000007629395,-2.20000004768372,0.0,0.0
50.7999992370605,-2.20000004768372,0.0,0.0
50.9000015258789,-2.20000004768372,0.0,0.0
51.0,-2.20000004768372,0.0,0.0
51.0999984741211,-2.20000004768372,0.0,0.0
51.2000007629395,-2.20000004768372,0.0,0.0
51.2999992370605,-2.20000004768372,0.0,0.0
51.4000015258789,-2.20000004768372,0.0,0.0
51.5,-2.20000004768372,0.0,0.0
51.5999984741211,-2.20000004768372,0.0,0.0
51.7000007629395,-2.20000004768372,0.0,0.0
51.7999992370605,-2.20000004768372,0.0,0.0
51.9000015258789,-2.20000004768372,0.0,0.0
52.0,-2.20000004768372,0.0,0.0
52.0999984741211,-2.20000004768372,0.0,0.0
52.2000007629395,-2.20000004768372,0.0,0.0
52.2999992370605,-2.20000004768372,0.0,0.0
52.4000015258789,-2.20000004768372,0.0,0.0
52.5,-2.20000004768372,0.0,0.0
52.5999984741211,-2.20000004768372,0.0,0.0
52.7000007629395,-2.20000004768372,0.0,0.0
52.7999992370605,-2.20000004768372,0.0,0.0
52.9000015258789,-2.20000004768372,0.0,0.0
53.0,-2.20000004768372,0.0,0.0
53.0999984741211,-2.20000004768372,0.0,0.0
53.2000007629395,-2.20000004768372,0.0,0.0
53.2999992370605,-2.20000004768372,0.0,0.0
53.4000015258789,-2.20000004768372,0.0,0.0
53.5,-2.20000004768372,0.0,0.0
53.5999984741211,-2.20000004768372,0.0,0.0
53.7000007629395,-2.20000004768372,0.0,0.0
53.7999992370605,-2.20000004768372,0.0,0.0
53.9000015258789,-2.20000004768372,0.0,0.0
54.0,-2.20000004768372,0.0,0.0
54.0999984741211,-2.20000004768372,0.0,0.0
54.2000007629395,-2.20000004768372,0.0,0.0
54.2999992370605,-2.20000004768372,0.0,0.0
54.4000015258789,-2.20000004768372,0.0,1.0
54.5,-2.20000004768372,0.0,0.0
54.5999984741211,-2.20000004768372,0.0,0.0
54.7000007629395,-2.20000004768372,0.0,0.0
54.7999992370605,-2.20000004768372,0.0,0.0
54.9000015258789,-2.20000004768372,0.0,0.0
55.0,-2.20000004768372,0.0,0.0
55.0999984741211,-2.20000004768372,0.0,0.0
55.2000007629395,-2.20000004768372,0.0,0.0
55.2999992370605,-2.20000004768372,0.0,0.0
55.4000015258789,-2.20000004768372,0.0,0.0
55.5,-2.20000004768372,0.0,0.0
55.5999984741211,-2.20000004768372,0.0,0.0
55.7000007629395,-2.20000004768372,0.0,0.0
55.7999992370605,-2.20000004768372,0.0,1.0
55.9000015258789,-2.20000004768372,0.0,0.0
50.7000007629395,-2.09999990463257,0.0,0.0
50.7999992370605,-2.09999990463257,0.0,0.0
50.9000015258789,-2.09999990463257,0.0,0.0
51.0,-2.09999990463257,0.0,0.0
51.0999984741211,-2.09999990463257,0.0,0.0
51.2000007629395,-2.09999990463257,0.0,0.0
51.2999992370605,-2.09999990463257,0.0,0.0
51.4000015258789,-2.09999990463257,0.0,0.0
51.5,-2.09999990463257,0.0,0.0
51.5999984741211,-2.09999990463257,0.0,0.0
51.7000007629395,-2.09999990463257,0.0,0.0
51.7999992370605,-2.09999990463257,0.0,0.0
51.9000015258789,-2.09999990463257,0.0,0.0
52.0,-2.09999990463257,0.0,0.0
52.0999984741211,-2.09999990463257,0.0,0.0
52.2000007629395,-2.09999990463257,0.0,0.0
52.2999992370605,-2.09999990463257,0.0,0.0
52.4000015258789,-2.09999990463257,0.0,0.0
52.5,-2.09999990463257,0.0,0.0
52.5999984741211,-2.09999990463257,0.0,0.0
52.7000007629395,-2.09999990463257,0.0,0.0
52.7999992370605,-2.09999990463257,0.0,0.0
52.9000015258789,-2.09999990463257,0.0,0.0
53.0,-2.09999990463257,0.0,0.0
53.0999984741211,-2.09999990463257,0.0,0.0
53.2000007629395,-2.09999990463257,0.0,0.0
53.2999992370605,-2.09999990463257,0.0,0.0
53.4000015258789,-2.09999990463257,0.0,0.0
53.5,-2.09999990463257,0.0,0.0
53.5999984741211,-2.09999990463257,0.0,0.0
53.7000007629395,-2.09999990463257,0.0,0.0
53.7999992370605,-2.09999990463257,0.0,0.0
53.9000015258789,-2.09999990463257,0.0,0.0
54.0,-2.09999990463257,0.0,0.0
54.0999984741211,-2.09999990463257,0.0,0.0
54.2000007629395,-2.09999990463257,0.0,0.0
54.2999992370605,-2.09999990463257,0.0,0.0
54.4000015258789,-2.09999990463257,0.0,0.0
54.5,-2.09999990463257,0.0,0.0
54.5999984741211,-2.09999990463257,0.0,0.0
54.7000007629395,-2.09999990463257,0.0,0.0
54.7999992370605,-2.09999990463257,0.0,0.0
54.9000015258789,-2.09999990463257,0.0,0.0
55.0,-2.09999990463257,0.0,0.0
55.0999984741211,-2.09999990463257,0.0,0.0
55.2000007629395,-2.09999990463257,0.0,0.0
55.2999992370605,-2.09999990463257,0.0,0.0
55.4000015258789,-2.09999990463257,0.0,0.0
55.5,-2.09999990463257,0.0,0.0
55.5999984741211,-2.09999990463257,0.0,0.0
55.7000007629395,-2.09999990463257,0.0,0.0
55.7999992370605,-2.09999990463257,0.0,0.0
50.7000007629395,-2.0,0.0,0.0
50.7999992370605,-2.0,0.0,0.0
50.9000015258789,-2.0,0.0,0.0
51.0,-2.0,0.0,0.0
51.0999984741211,-2.0,0.0,0.0
51.2000007629395,-2.0,0.0,0.0
51.2999992370605,-2.0,0.0,0.0
51.4000015258789,-2.0,0.0,0.0
51.5,-2.0,0.0,0.0
51.5999984741211,-2.0,0.0,0.0
51.7000007629395,-2.0,0.0,0.0
51.7999992370605,-2.0,0.0,0.0
51.9000015258789,-2.0,0.0,0.0
52.0,-2.0,0.0,1.0
52.2000007629395,-2.0,0.0,0.0
52.2999992370605,-2.0,0.0,0.0
52.4000015258789,-2.0,0.0,0.0
52.5,-2.0,0.0,0.0
52.5999984741211,-2.0,0.0,0.0
52.7000007629395,-2.0,0.0,0.0
52.7999992370605,-2.0,0.0,0.0
52.9000015258789,-2.0,0.0,0.0
53.0,-2.0,0.0,0.0
53.0999984741211,-2.0,0.0,0.0
53.2000007629395,-2.0,0.0,0.0
53.2999992370605,-2.0,0.0,0.0
53.4000015258789,-2.0,0.0,0.0
53.5,-2.0,0.0,0.0
53.5999984741211,-2.0,0.0,0.0
53.7000007629395,-2.0,0.0,0.0
53.7999992370605,-2.0,0.0,0.0
53.9000015258789,-2.0,0.0,0.0
54.0,-2.0,0.0,0.0
54.0999984741211,-2.0,0.0,0.0
54.2000007629395,-2.0,0.0,0.0
54.2999992370605,-2.0,0.0,0.0
54.4000015258789,-2.0,0.0,0.0
54.5,-2.0,0.0,0.0
54.5999984741211,-2.0,0.0,0.0
54.7000007629395,-2.0,0.0,0.0
54.7999992370605,-2.0,0.0,0.0
54.9000015258789,-2.0,0.0,0.0
55.0,-2.0,0.0,0.0
55.0999984741211,-2.0,0.0,0.0
55.2000007629395,-2.0,0.0,0.0
55.2999992370605,-2.0,0.0,0.0
55.4000015258789,-2.0,0.0,0.0
55.5,-2.0,0.0,0.0
55.5999984741211,-2.0,0.0,0.0
55.7000007629395,-2.0,0.0,0.0
50.7999992370605,-1.89999997615814,0.0,0.0
50.9000015258789,-1.89999997615814,0.0,0.0
51.0,-1.89999997615814,0.0,0.0
51.0999984741211,-1.89999997615814,0.0,0.0
51.2000007629395,-1.89999997615814,0.0,0.0
51.2999992370605,-1.89999997615814,0.0,0.0
51.4000015258789,-1.89999997615814,0.0,0.0
51.5,-1.89999997615814,0.0,0.0
51.5999984741211,-1.89999997615814,0.0,0.0
51.7000007629395,-1.89999997615814,1.0,0.0
51.7999992370605,-1.89999997615814,0.0,0.0
51.9000015258789,-1.89999997615814,0.0,0.0
52.0,-1.89999997615814,0.0,0.0
52.0999984741211,-1.89999997615814,0.0,0.0
52.2000007629395,-1.89999997615814,0.0,0.0
52.2999992370605,-1.89999997615814,0.0,0.0
52.4000015258789,-1.89999997615814,0.0,0.0
52.5,-1.89999997615814,0.0,0.0
52.5999984741211,-1.89999997615814,0.0,0.0
52.7000007629395,-1.89999997615814,0.0,0.0
52.9000015258789,-1.89999997615814,0.0,0.0
53.0,-1.89999997615814,0.0,0.0
53.0999984741211,-1.89999997615814,0.0,0.0
53.2000007629395,-1.89999997615814,0.0,0.0
53.2999992370605,-1.89999997615814,0.0,0.0
53.4000015258789,-1.89999997615814,0.0,0.0
53.5,-1.89999997615814,0.0,0.0
53.5999984741211,-1.89999997615814,0.0,0.0
53.7000007629395,-1.89999997615814,0.0,0.0
53.7999992370605,-1.89999997615814,0.0,0.0
53.9000015258789,-1.89999997615814,0.0,0.0
54.0,-1.89999997615814,0.0,0.0
54.0999984741211,-1.89999997615814,0.0,0.0
54.2000007629395,-1.89999997615814,0.0,0.0
54.2999992370605,-1.89999997615814,0.0,0.0
54.4000015258789,-1.89999997615814,0.0,0.0
54.5,-1.89999997615814,0.0,0.0
54.5999984741211,-1.89999997615814,0.0,0.0
54.7000007629395,-1.89999997615814,0.0,0.0
54.7999992370605,-1.89999997615814,0.0,0.0
54.9000015258789,-1.89999997615814,0.0,0.0
55.0,-1.89999997615814,0.0,0.0
55.0999984741211,-1.89999997615814,0.0,0.0
55.2000007629395,-1.89999997615814,0.0,0.0
55.2999992370605,-1.89999997615814,0.0,0.0
55.4000015258789,-1.89999997615814,0.0,0.0
55.5,-1.89999997615814,0.0,0.0
55.5999984741211,-1.89999997615814,0.0,1.0
50.7999992370605,-1.79999995231628,0.0,0.0
50.9000015258789,-1.79999995231628,0.0,0.0
51.0,-1.79999995231628,0.0,0.0
51.0999984741211,-1.79999995231628,0.0,1.0
51.2000007629395,-1.79999995231628,0.0,0.0
51.2999992370605,-1.79999995231628,0.0,0.0
51.4000015258789,-1.79999995231628,0.0,0.0
51.5,-1.79999995231628,0.0,0.0
51.5999984741211,-1.79999995231628,0.0,0.0
51.7000007629395,-1.79999995231628,0.0,0.0
51.7999992370605,-1.79999995231628,0.0,0.0
51.9000015258789,-1.79999995231628,0.0,0.0
52.0,-1.79999995231628,0.0,0.0
52.0999984741211,-1.79999995231628,0.0,0.0
52.2999992370605,-1.79999995231628,0.0,0.0
52.4000015258789,-1.79999995231628,0.0,0.0
52.5,-1.79999995231628,0.0,0.0
52.5999984741211,-1.79999995231628,0.0,0.0
52.7000007629395,-1.79999995231628,0.0,0.0
52.7999992370605,-1.79999995231628,0.0,0.0
52.9000015258789,-1.79999995231628,0.0,0.0
53.0,-1.79999995231628,0.0,0.0
53.0999984741211,-1.79999995231628,0.0,0.0
53.2000007629395,-1.79999995231628,0.0,0.0
53.2999992370605,-1.79999995231628,0.0,0.0
53.4000015258789,-1.79999995231628,0.0,0.0
53.5,-1.79999995231628,0.0,0.0
53.5999984741211,-1.79999995231628,0.0,0.0
53.7000007629395,-1.79999995231628,0.0,0.0
53.7999992370605,-1.79999995231628,0.0,0.0
53.9000015258789,-1.79999995231628,0.0,0.0
54.0,-1.79999995231628,0.0,0.0
54.0999984741211,-1.79999995231628,0.0,0.0
54.2000007629395,-1.79999995231628,0.0,0.0
54.2999992370605,-1.79999995231628,0.0,0.0
54.4000015258789,-1.79999995231628,0.0,0.0
54.5,-1.79999995231628,0.0,0.0
54.5999984741211,-1.79999995231628,0.0,0.0
54.7000007629395,-1.79999995231628,0.0,0.0
54.7999992370605,-1.79999995231628,0.0,0.0
54.9000015258789,-1.79999995231628,0.0,0.0
55.0,-1.79999995231628,0.0,0.0
55.0999984741211,-1.79999995231628,0.0,0.0
55.2000007629395,-1.79999995231628,0.0,0.0
55.2999992370605,-1.79999995231628,0.0,0.0
55.4000015258789,-1.79999995231628,0.0,0.0
55.5,-1.79999995231628,0.0,0.0
55.5999984741211,-1.79999995231628,0.0,0.0
50.7999992370605,-1.70000004768372,0.0,0.0
50.9000015258789,-1.70000004768372,0.0,0.0
51.0,-1.70000004768372,0.0,0.0
51.0999984741211,-1.70000004768372,0.0,0.0
51.2000007629395,-1.70000004768372,0.0,1.0
51.2999992370605,-1.70000004768372,0.0,0.0
51.4000015258789,-1.70000004768372,0.0,0.0
51.5,-1.70000004768372,0.0,0.0
51.5999984741211,-1.70000004768372,0.0,0.0
51.7000007629395,-1.70000004768372,0.0,0.0
51.7999992370605,-1.70000004768372,0.0,0.0
51.9000015258789,-1.70000004768372,0.0,0.0
52.0,-1.70000004768372,0.0,0.0
52.0999984741211,-1.70000004768372,0.0,0.0
52.2000007629395,-1.70000004768372,0.0,0.0
52.2999992370605,-1.70000004768372,0.0,0.0
52.4000015258789,-1.70000004768372,0.0,0.0
52.5,-1.70000004768372,0.0,0.0
52.5999984741211,-1.70000004768372,0.0,0.0
52.7000007629395,-1.70000004768372,0.0,0.0
52.7999992370605,-1.70000004768372,0.0,0.0
52.9000015258789,-1.70000004768372,0.0,0.0
53.0,-1.70000004768372,0.0,0.0
53.0999984741211,-1.70000004768372,0.0,0.0
53.2000007629395,-1.70000004768372,0.0,0.0
53.2999992370605,-1.70000004768372,0.0,0.0
53.4000015258789,-1.70000004768372,0.0,0.0
53.5,-1.70000004768372,0.0,0.0
53.5999984741211,-1.70000004768372,0.0,0.0
53.7000007629395,-1.70000004768372,0.0,0.0
53.7999992370605,-1.70000004768372,0.0,0.0
53.9000015258789,-1.70000004768372,0.0,0.0
54.0,-1.70000004768372,0.0,0.0
54.0999984741211,-1.70000004768372,0.0,0.0
54.2000007629395,-1.70000004768372,0.0,0.0
54.2999992370605,-1.70000004768372,0.0,0.0
54.4000015258789,-1.70000004768372,0.0,0.0
54.5,-1.70000004768372,0.0,0.0
54.5999984741211,-1.70000004768372,0.0,0.0
54.7000007629395,-1.70000004768372,0.0,0.0
54.7999992370605,-1.70000004768372,0.0,0.0
54.9000015258789,-1.70000004768372,0.0,0.0
55.0,-1.70000004768372,0.0,0.0
55.0999984741211,-1.70000004768372,0.0,0.0
55.2000007629395,-1.70000004768372,0.0,0.0
55.2999992370605,-1.70000004768372,0.0,0.0
55.4000015258789,-1.70000004768372,0.0,0.0
55.5,-1.70000004768372,0.0,0.0
50.7999992370605,-1.60000002384186,0.0,0.0
50.9000015258789,-1.60000002384186,0.0,0.0
51.0,-1.60000002384186,0.0,0.0
51.0999984741211,-1.60000002384186,0.0,0.0
51.2000007629395,-1.60000002384186,0.0,0.0
51.2999992370605,-1.60000002384186,0.0,0.0
51.4000015258789,-1.60000002384186,0.0,0.0
51.5999984741211,-1.60000002384186,0.0,0.0
51.7000007629395,-1.60000002384186,0.0,0.0
51.7999992370605,-1.60000002384186,0.0,0.0
51.9000015258789,-1.60000002384186,0.0,0.0
52.0,-1.60000002384186,0.0,0.0
52.0999984741211,-1.60000002384186,0.0,0.0
52.2000007629395,-1.60000002384186,0.0,0.0
52.2999992370605,-1.60000002384186,0.0,0.0
52.4000015258789,-1.60000002384186,0.0,0.0
52.5,-1.60000002384186,0.0,0.0
52.5999984741211,-1.60000002384186,0.0,0.0
52.7000007629395,-1.60000002384186,0.0,0.0
52.7999992370605,-1.60000002384186,0.0,0.0
52.9000015258789,-1.60000002384186,0.0,0.0
53.0,-1.60000002384186,0.0,0.0
53.0999984741211,-1.60000002384186,0.0,0.0
53.2000007629395,-1.60000002384186,0.0,0.0
53.2999992370605,-1.60000002384186,0.0,0.0
53.4000015258789,-1.60000002384186,0.0,0.0
53.5,-1.60000002384186,0.0,0.0
53.5999984741211,-1.60000002384186,0.0,0.0
53.7000007629395,-1.60000002384186,0.0,0.0
53.7999992370605,-1.60000002384186,0.0,0.0
53.9000015258789,-1.60000002384186,0.0,0.0
54.0,-1.60000002384186,0.0,0.0
54.0999984741211,-1.60000002384186,0.0,0.0
54.2000007629395,-1.60000002384186,0.0,0.0
54.2999992370605,-1.60000002384186,0.0,0.0
54.4000015258789,-1.60000002384186,0.0,0.0
54.5,-1.60000002384186,0.0,0.0
54.5999984741211,-1.60000002384186,0.0,0.0
54.7000007629395,-1.60000002384186,0.0,0.0
54.7999992370605,-1.60000002384186,0.0,0.0
54.9000015258789,-1.60000002384186,0.0,0.0
55.0,-1.60000002384186,0.0,0.0
55.0999984741211,-1.60000002384186,0.0,0.0
55.2000007629395,-1.60000002384186,0.0,0.0
55.2999992370605,-1.60000002384186,0.0,0.0
55.4000015258789,-1.60000002384186,0.0,0.0
55.5,-1.60000002384186,0.0,0.0
50.7000007629395,-1.5,0.0,0.0
50.7999992370605,-1.5,0.0,0.0
50.9000015258789,-1.5,0.0,0.0
51.0,-1.5,0.0,0.0
51.0999984741211,-1.5,0.0,0.0
51.2000007629395,-1.5,0.0,0.0
51.2999992370605,-1.5,0.0,0.0
51.4000015258789,-1.5,0.0,0.0
51.5,-1.5,0.0,0.0
51.5999984741211,-1.5,0.0,0.0
51.7000007629395,-1.5,0.0,0.0
51.7999992370605,-1.5,0.0,0.0
51.9000015258789,-1.5,0.0,0.0
52.0,-1.5,0.0,0.0
52.0999984741211,-1.5,0.0,0.0
52.2000007629395,-1.5,0.0,0.0
52.2999992370605,-1.5,0.0,0.0
52.4000015258789,-1.5,0.0,0.0
52.5,-1.5,0.0,0.0
52.5999984741211,-1.5,0.0,0.0
52.7000007629395,-1.5,0.0,0.0
52.7999992370605,-1.5,0.0,0.0
52.9000015258789,-1.5,0.0,0.0
53.0,-1.5,0.0,0.0
53.0999984741211,-1.5,0.0,0.0
53.2000007629395,-1.5,0.0,0.0
53.2999992370605,-1.5,0.0,0.0
53.4000015258789,-1.5,0.0,0.0
53.5,-1.5,0.0,0.0
53.5999984741211,-1.5,0.0,0.0
53.7000007629395,-1.5,0.0,0.0
53.7999992370605,-1.5,0.0,0.0
53.9000015258789,-1.5,0.0,0.0
54.0,-1.5,0.0,0.0
54.0999984741211,-1.5,0.0,0.0
54.2000007629395,-1.5,0.0,0.0
54.2999992370605,-1.5,0.0,0.0
54.4000015258789,-1.5,0.0,0.0
54.5,-1.5,0.0,0.0
54.5999984741211,-1.5,0.0,0.0
54.7000007629395,-1.5,0.0,0.0
54.7999992370605,-1.5,0.0,0.0
54.9000015258789,-1.5,1.0,0.0
55.0,-1.5,0.0,0.0
50.7000007629395,-1.39999997615814,0.0,0.0
50.7999992370605,-1.39999997615814,0.0,0.0
50.9000015258789,-1.39999997615814,0.0,0.0
51.0,-1.39999997615814,0.0,0.0
51.0999984741211,-1.39999997615814,0.0,0.0
51.2000007629395,-1.39999997615814,0.0,0.0
51.2999992370605,-1.39999997615814,0.0,0.0
51.4000015258789,-1.39999997615814,0.0,0.0
51.5,-1.39999997615814,0.0,0.0
51.5999984741211,-1.39999997615814,0.0,0.0
51.7000007629395,-1.39999997615814,0.0,0.0
51.7999992370605,-1.39999997615814,0.0,0.0
51.9000015258789,-1.39999997615814,0.0,0.0
52.0,-1.39999997615814,0.0,0.0
52.0999984741211,-1.39999997615814,1.0,0.0
52.2000007629395,-1.39999997615814,0.0,0.0
52.2999992370605,-1.39999997615814,0.0,0.0
52.4000015258789,-1.39999997615814,0.0,0.0
52.5,-1.39999997615814,0.0,0.0
52.5999984741211,-1.39999997615814,0.0,0.0
52.7000007629395,-1.39999997615814,0.0,0.0
52.7999992370605,-1.39999997615814,0.0,0.0
52.9000015258789,-1.39999997615814,0.0,0.0
53.0,-1.39999997615814,0.0,0.0
53.0999984741211,-1.39999997615814,0.0,0.0
53.2000007629395,-1.39999997615814,0.0,0.0
53.2999992370605,-1.39999997615814,0.0,0.0
53.4000015258789,-1.39999997615814,0.0,0.0
53.5,-1.39999997615814,0.0,0.0
53.5999984741211,-1.39999997615814,0.0,0.0
53.7000007629395,-1.39999997615814,0.0,0.0
53.7999992370605,-1.39999997615814,0.0,0.0
53.9000015258789,-1.39999997615814,0.0,0.0
54.0,-1.39999997615814,0.0,0.0
54.0999984741211,-1.39999997615814,0.0,0.0
54.2000007629395,-1.39999997615814,0.0,0.0
54.2999992370605,-1.39999997615814,0.0,0.0
54.4000015258789,-1.39999997615814,0.0,0.0
54.5,-1.39999997615814,0.0,0.0
54.5999984741211,-1.39999997615814,0.0,0.0
54.7000007629395,-1.39999997615814,0.0,0.0
54.7999992370605,-1.39999997615814,0.0,0.0
54.9000015258789,-1.39999997615814,0.0,0.0
50.7000007629395,-1.29999995231628,0.0,0.0
50.9000015258789,-1.29999995231628,0.0,0.0
51.0,-1.29999995231628,0.0,0.0
51.0999984741211,-1.29999995231628,0.0,0.0
51.2000007629395,-1.29999995231628,0.0,0.0
51.2999992370605,-1.29999995231628,0.0,0.0
51.4000015258789,-1.29999995231628,0.0,0.0
51.5,-1.29999995231628,0.0,0.0
51.5999984741211,-1.29999995231628,0.0,0.0
51.7000007629395,-1.29999995231628,0.0,0.0
51.7999992370605,-1.29999995231628,0.0,0.0
51.9000015258789,-1.29999995231628,0.0,0.0
52.0,-1.29999995231628,0.0,0.0
52.0999984741211,-1.29999995231628,0.0,0.0
52.2000007629395,-1.29999995231628,0.0,0.0
52.2999992370605,-1.29999995231628,0.0,0.0
52.4000015258789,-1.29999995231628,0.0,0.0
52.5,-1.29999995231628,0.0,0.0
52.5999984741211,-1.29999995231628,0.0,0.0
52.7000007629395,-1.29999995231628,0.0,0.0
52.7999992370605,-1.29999995231628,0.0,0.0
52.9000015258789,-1.29999995231628,0.0,0.0
53.0,-1.29999995231628,0.0,0.0
53.0999984741211,-1.29999995231628,0.0,0.0
53.2000007629395,-1.29999995231628,0.0,0.0
53.2999992370605,-1.29999995231628,0.0,0.0
53.4000015258789,-1.29999995231628,0.0,0.0
53.5,-1.29999995231628,0.0,0.0
53.5999984741211,-1.29999995231628,0.0,0.0
53.7000007629395,-1.29999995231628,0.0,0.0
53.7999992370605,-1.29999995231628,0.0,0.0
53.9000015258789,-1.29999995231628,0.0,0.0
54.0,-1.29999995231628,0.0,0.0
54.0999984741211,-1.29999995231628,0.0,0.0
54.2000007629395,-1.29999995231628,0.0,0.0
54.2999992370605,-1.29999995231628,0.0,0.0
54.4000015258789,-1.29999995231628,0.0,0.0
54.5,-1.29999995231628,0.0,0.0
54.5999984741211,-1.29999995231628,0.0,0.0
54.7000007629395,-1.29999995231628,0.0,0.0
50.9000015258789,-1.20000004768372,0.0,0.0
51.0,-1.20000004768372,0.0,0.0
51.0999984741211,-1.20000004768372,0.0,0.0
51.2000007629395,-1.20000004768372,0.0,0.0
51.2999992370605,-1.20000004768372,0.0,0.0
51.4000015258789,-1.20000004768372,0.0,0.0
51.5,-1.20000004768372,0.0,0.0
51.5999984741211,-1.20000004768372,0.0,0.0
51.7000007629395,-1.20000004768372,0.0,0.0
51.7999992370605,-1.20000004768372,0.0,0.0
51.9000015258789,-1.20000004768372,0.0,0.0
52.0,-1.20000004768372,0.0,0.0
52.0999984741211,-1.20000004768372,0.0,0.0
52.2000007629395,-1.20000004768372,0.0,0.0
52.2999992370605,-1.20000004768372,0.0,0.0
52.4000015258789,-1.20000004768372,0.0,0.0
52.5,-1.20000004768372,0.0,0.0
52.5999984741211,-1.20000004768372,0.0,0.0
52.7000007629395,-1.20000004768372,0.0,0.0
52.7999992370605,-1.20000004768372,0.0,0.0
52.9000015258789,-1.20000004768372,0.0,0.0
53.0,-1.20000004768372,0.0,0.0
53.0999984741211,-1.20000004768372,0.0,0.0
53.2000007629395,-1.20000004768372,0.0,0.0
53.2999992370605,-1.20000004768372,0.0,0.0
53.4000015258789,-1.20000004768372,0.0,0.0
53.5,-1.20000004768372,0.0,0.0
53.5999984741211,-1.20000004768372,0.0,0.0
53.7000007629395,-1.20000004768372,0.0,0.0
53.7999992370605,-1.20000004768372,0.0,0.0
53.9000015258789,-1.20000004768372,0.0,0.0
54.0,-1.20000004768372,0.0,1.0
54.0999984741211,-1.20000004768372,0.0,0.0
54.2000007629395,-1.20000004768372,0.0,0.0
54.2999992370605,-1.20000004768372,0.0,0.0
54.4000015258789,-1.20000004768372,0.0,0.0
54.5,-1.20000004768372,0.0,0.0
54.5999984741211,-1.20000004768372,0.0,0.0
54.7000007629395,-1.20000004768372,0.0,0.0
50.9000015258789,-1.10000002384186,0.0,0.0
51.0,-1.10000002384186,0.0,0.0
51.0999984741211,-1.10000002384186,0.0,0.0
51.2000007629395,-1.10000002384186,0.0,0.0
51.2999992370605,-1.10000002384186,0.0,0.0
51.4000015258789,-1.10000002384186,1.0,0.0
51.5,-1.10000002384186,0.0,0.0
51.5999984741211,-1.10000002384186,0.0,0.0
51.7000007629395,-1.10000002384186,0.0,0.0
51.7999992370605,-1.10000002384186,0.0,0.0
51.9000015258789,-1.10000002384186,0.0,0.0
52.0,-1.10000002384186,0.0,0.0
52.0999984741211,-1.10000002384186,0.0,0.0
52.2000007629395,-1.10000002384186,0.0,0.0
52.2999992370605,-1.10000002384186,0.0,0.0
52.4000015258789,-1.10000002384186,0.0,0.0
52.5,-1.10000002384186,0.0,0.0
52.5999984741211,-1.10000002384186,0.0,0.0
52.7000007629395,-1.10000002384186,0.0,0.0
52.7999992370605,-1.10000002384186,0.0,0.0
52.9000015258789,-1.10000002384186,0.0,0.0
53.0,-1.10000002384186,0.0,0.0
53.0999984741211,-1.10000002384186,0.0,0.0
53.2000007629395,-1.10000002384186,0.0,0.0
53.2999992370605,-1.10000002384186,0.0,0.0
53.4000015258789,-1.10000002384186,0.0,0.0
53.5999984741211,-1.10000002384186,0.0,1.0
53.7000007629395,-1.10000002384186,0.0,0.0
53.7999992370605,-1.10000002384186,0.0,0.0
53.9000015258789,-1.10000002384186,0.0,0.0
54.0,-1.10000002384186,0.0,0.0
54.0999984741211,-1.10000002384186,0.0,0.0
54.2000007629395,-1.10000002384186,0.0,0.0
54.2999992370605,-1.10000002384186,0.0,0.0
54.4000015258789,-1.10000002384186,0.0,0.0
54.5,-1.10000002384186,0.0,0.0
54.5999984741211,-1.10000002384186,0.0,0.0
50.9000015258789,-1.0,0.0,0.0
51.0,-1.0,0.0,0.0
51.0999984741211,-1.0,0.0,0.0
51.2000007629395,-1.0,0.0,0.0
51.2999992370605,-1.0,0.0,0.0
51.4000015258789,-1.0,0.0,0.0
51.5,-1.0,0.0,0.0
51.5999984741211,-1.0,0.0,0.0
51.7000007629395,-1.0,0.0,0.0
51.7999992370605,-1.0,0.0,0.0
51.9000015258789,-1.0,0.0,0.0
52.0,-1.0,0.0,0.0
52.0999984741211,-1.0,0.0,0.0
52.2000007629395,-1.0,0.0,0.0
52.2999992370605,-1.0,0.0,0.0
52.4000015258789,-1.0,0.0,0.0
52.5,-1.0,0.0,0.0
52.5999984741211,-1.0,1.0,0.0
52.7000007629395,-1.0,0.0,0.0
52.7999992370605,-1.0,0.0,0.0
52.9000015258789,-1.0,0.0,0.0
53.0,-1.0,0.0,0.0
53.0999984741211,-1.0,0.0,0.0
53.2000007629395,-1.0,0.0,0.0
53.2999992370605,-1.0,0.0,0.0
53.4000015258789,-1.0,0.0,0.0
53.5,-1.0,0.0,0.0
53.5999984741211,-1.0,0.0,0.0
53.7000007629395,-1.0,0.0,0.0
53.7999992370605,-1.0,0.0,0.0
53.9000015258789,-1.0,0.0,0.0
54.0,-1.0,0.0,0.0
54.0999984741211,-1.0,0.0,0.0
54.2000007629395,-1.0,0.0,0.0
54.2999992370605,-1.0,0.0,0.0
54.4000015258789,-1.0,0.0,0.0
54.5,-1.0,1.0,0.0
54.5999984741211,-1.0,0.0,0.0
50.9000015258789,-0.899999976158142,0.0,0.0
51.0,-0.899999976158142,0.0,0.0
51.0999984741211,-0.899999976158142,0.0,0.0
51.2000007629395,-0.899999976158142,0.0,0.0
51.2999992370605,-0.899999976158142,0.0,0.0
51.4000015258789,-0.899999976158142,0.0,0.0
51.5,-0.899999976158142,0.0,0.0
51.5999984741211,-0.899999976158142,0.0,0.0
51.7000007629395,-0.899999976158142,0.0,0.0
51.7999992370605,-0.899999976158142,0.0,0.0
51.9000015258789,-0.899999976158142,0.0,0.0
52.0,-0.899999976158142,0.0,0.0
52.0999984741211,-0.899999976158142,0.0,0.0
52.2000007629395,-0.899999976158142,0.0,0.0
52.2999992370605,-0.899999976158142,0.0,0.0
52.4000015258789,-0.899999976158142,0.0,0.0
52.5,-0.899999976158142,0.0,0.0
52.5999984741211,-0.899999976158142,0.0,0.0
52.7000007629395,-0.899999976158142,0.0,0.0
52.7999992370605,-0.899999976158142,0.0,0.0
52.9000015258789,-0.899999976158142,0.0,0.0
53.0,-0.899999976158142,0.0,0.0
53.0999984741211,-0.899999976158142,0.0,0.0
53.2000007629395,-0.899999976158142,0.0,0.0
53.2999992370605,-0.899999976158142,0.0,0.0
53.4000015258789,-0.899999976158142,0.0,0.0
53.5,-0.899999976158142,0.0,0.0
53.5999984741211,-0.899999976158142,0.0,0.0
53.7000007629395,-0.899999976158142,0.0,0.0
53.7999992370605,-0.899999976158142,0.0,0.0
53.9000015258789,-0.899999976158142,0.0,0.0
54.0,-0.899999976158142,0.0,0.0
54.0999984741211,-0.899999976158142,0.0,0.0
54.2000007629395,-0.899999976158142,0.0,0.0
54.2999992370605,-0.899999976158142,0.0,0.0
54.4000015258789,-0.899999976158142,0.0,0.0
54.5,-0.899999976158142,0.0,0.0
50.7999992370605,-0.800000011920929,0.0,0.0
50.9000015258789,-0.800000011920929,0.0,0.0
51.0,-0.800000011920929,0.0,0.0
51.0999984741211,-0.800000011920929,0.0,0.0
51.2000007629395,-0.800000011920929,0.0,0.0
51.2999992370605,-0.800000011920929,0.0,0.0
51.4000015258789,-0.800000011920929,0.0,0.0
51.5,-0.800000011920929,0.0,0.0
51.5999984741211,-0.800000011920929,0.0,0.0
51.7000007629395,-0.800000011920929,0.0,0.0
51.7999992370605,-0.800000011920929,0.0,0.0
51.9000015258789,-0.800000011920929,0.0,0.0
52.0,-0.800000011920929,0.0,0.0
52.0999984741211,-0.800000011920929,0.0,0.0
52.2000007629395,-0.800000011920929,0.0,0.0
52.2999992370605,-0.800000011920929,0.0,0.0
52.4000015258789,-0.800000011920929,0.0,0.0
52.5,-0.800000011920929,0.0,0.0
52.5999984741211,-0.800000011920929,0.0,0.0
52.7000007629395,-0.800000011920929,0.0,0.0
52.7999992370605,-0.800000011920929,0.0,0.0
52.9000015258789,-0.800000011920929,0.0,0.0
53.0,-0.800000011920929,0.0,0.0
53.0999984741211,-0.800000011920929,0.0,0.0
53.2000007629395,-0.800000011920929,0.0,0.0
53.2999992370605,-0.800000011920929,0.0,0.0
53.4000015258789,-0.800000011920929,0.0,0.0
53.5,-0.800000011920929,0.0,0.0
53.5999984741211,-0.800000011920929,0.0,0.0
53.7000007629395,-0.800000011920929,0.0,0.0
53.7999992370605,-0.800000011920929,0.0,0.0
53.9000015258789,-0.800000011920929,0.0,0.0
54.0,-0.800000011920929,0.0,0.0
54.0999984741211,-0.800000011920929,0.0,0.0
54.2000007629395,-0.800000011920929,0.0,0.0
54.2999992370605,-0.800000011920929,0.0,0.0
54.4000015258789,-0.800000011920929,0.0,0.0
54.5,-0.800000011920929,0.0,0.0
50.9000015258789,-0.699999988079071,0.0,0.0
51.0,-0.699999988079071,0.0,0.0
51.0999984741211,-0.699999988079071,0.0,0.0
51.2000007629395,-0.699999988079071,0.0,0.0
51.2999992370605,-0.699999988079071,0.0,0.0
51.4000015258789,-0.699999988079071,0.0,0.0
51.5,-0.699999988079071,0.0,0.0
51.5999984741211,-0.699999988079071,0.0,0.0
51.7000007629395,-0.699999988079071,0.0,0.0
51.7999992370605,-0.699999988079071,0.0,0.0
51.9000015258789,-0.699999988079071,0.0,0.0
52.0,-0.699999988079071,0.0,0.0
52.0999984741211,-0.699999988079071,0.0,0.0
52.2000007629395,-0.699999988079071,0.0,0.0
52.2999992370605,-0.699999988079071,0.0,0.0
52.4000015258789,-0.699999988079071,0.0,0.0
52.5,-0.699999988079071,0.0,0.0
52.5999984741211,-0.699999988079071,0.0,0.0
52.7000007629395,-0.699999988079071,0.0,0.0
52.7999992370605,-0.699999988079071,0.0,0.0
52.9000015258789,-0.699999988079071,0.0,0.0
53.0,-0.699999988079071,0.0,0.0
53.0999984741211,-0.699999988079071,0.0,0.0
53.2000007629395,-0.699999988079071,0.0,0.0
53.2999992370605,-0.699999988079071,0.0,0.0
53.4000015258789,-0.699999988079071,0.0,0.0
53.5,-0.699999988079071,0.0,0.0
53.5999984741211,-0.699999988079071,1.0,0.0
53.7000007629395,-0.699999988079071,0.0,0.0
53.7999992370605,-0.699999988079071,0.0,0.0
53.9000015258789,-0.699999988079071,0.0,0.0
54.0,-0.699999988079071,0.0,0.0
54.0999984741211,-0.699999988079071,0.0,0.0
54.2000007629395,-0.699999988079071,0.0,0.0
54.2999992370605,-0.699999988079071,0.0,0.0
54.4000015258789,-0.699999988079071,0.0,0.0
54.5,-0.699999988079071,0.0,0.0
50.9000015258789,-0.600000023841858,0.0,0.0
51.0,-0.600000023841858,0.0,0.0
51.0999984741211,-0.600000023841858,0.0,0.0
51.2000007629395,-0.600000023841858,0.0,0.0
51.2999992370605,-0.600000023841858,0.0,0.0
51.4000015258789,-0.600000023841858,0.0,0.0
51.5,-0.600000023841858,0.0,0.0
51.5999984741211,-0.600000023841858,0.0,0.0
51.7000007629395,-0.600000023841858,0.0,0.0
51.7999992370605,-0.600000023841858,0.0,0.0
51.9000015258789,-0.600000023841858,0.0,0.0
52.0,-0.600000023841858,0.0,0.0
52.0999984741211,-0.600000023841858,0.0,0.0
52.2000007629395,-0.600000023841858,0.0,0.0
52.2999992370605,-0.600000023841858,0.0,0.0
52.4000015258789,-0.600000023841858,0.0,0.0
52.5,-0.600000023841858,0.0,0.0
52.5999984741211,-0.600000023841858,0.0,0.0
52.7000007629395,-0.600000023841858,0.0,0.0
52.7999992370605,-0.600000023841858,0.0,0.0
52.9000015258789,-0.600000023841858,0.0,0.0
53.0,-0.600000023841858,0.0,0.0
53.0999984741211,-0.600000023841858,0.0,0.0
53.2000007629395,-0.600000023841858,0.0,0.0
53.2999992370605,-0.600000023841858,0.0,0.0
53.4000015258789,-0.600000023841858,0.0,0.0
53.5,-0.600000023841858,0.0,0.0
53.5999984741211,-0.600000023841858,0.0,0.0
53.7000007629395,-0.600000023841858,0.0,0.0
53.7999992370605,-0.600000023841858,0.0,0.0
53.9000015258789,-0.600000023841858,0.0,0.0
54.0,-0.600000023841858,0.0,0.0
54.0999984741211,-0.600000023841858,0.0,0.0
54.2000007629395,-0.600000023841858,0.0,0.0
54.2999992370605,-0.600000023841858,0.0,0.0
54.4000015258789,-0.600000023841858,0.0,0.0
50.9000015258789,-0.5,0.0,0.0
51.0,-0.5,0.0,0.0
51.0999984741211,-0.5,0.0,0.0
51.2000007629395,-0.5,0.0,0.0
51.2999992370605,-0.5,0.0,0.0
51.4000015258789,-0.5,0.0,0.0
51.5,-0.5,0.0,0.0
51.5999984741211,-0.5,0.0,0.0
51.7000007629395,-0.5,0.0,0.0
51.7999992370605,-0.5,1.0,0.0
51.9000015258789,-0.5,1.0,0.0
52.0,-0.5,0.0,0.0
52.0999984741211,-0.5,0.0,0.0
52.2000007629395,-0.5,0.0,0.0
52.2999992370605,-0.5,0.0,0.0
52.4000015258789,-0.5,0.0,0.0
52.5,-0.5,0.0,0.0
52.5999984741211,-0.5,0.0,0.0
52.7000007629395,-0.5,0.0,0.0
52.7999992370605,-0.5,0.0,0.0
52.9000015258789,-0.5,0.0,0.0
53.0,-0.5,0.0,0.0
53.0999984741211,-0.5,0.0,0.0
53.2000007629395,-0.5,0.0,0.0
53.2999992370605,-0.5,0.0,0.0
53.4000015258789,-0.5,0.0,0.0
53.5,-0.5,0.0,0.0
53.5999984741211,-0.5,0.0,0.0
53.7000007629395,-0.5,0.0,0.0
53.7999992370605,-0.5,0.0,0.0
53.9000015258789,-0.5,0.0,0.0
54.0,-0.5,0.0,0.0
54.0999984741211,-0.5,0.0,0.0
54.2000007629395,-0.5,0.0,0.0
54.2999992370605,-0.5,1.0,0.0
54.4000015258789,-0.5,0.0,0.0
50.9000015258789,-0.400000005960464,0.0,0.0
51.0,-0.400000005960464,0.0,0.0
51.0999984741211,-0.400000005960464,0.0,0.0
51.2000007629395,-0.400000005960464,0.0,0.0
51.2999992370605,-0.400000005960464,0.0,0.0
51.4000015258789,-0.400000005960464,0.0,0.0
51.5,-0.400000005960464,0.0,0.0
51.5999984741211,-0.400000005960464,0.0,0.0
51.7000007629395,-0.400000005960464,0.0,0.0
51.7999992370605,-0.400000005960464,0.0,0.0
51.9000015258789,-0.400000005960464,0.0,0.0
52.0,-0.400000005960464,0.0,0.0
52.0999984741211,-0.400000005960464,0.0,0.0
52.2000007629395,-0.400000005960464,0.0,0.0
52.2999992370605,-0.400000005960464,0.0,0.0
52.4000015258789,-0.400000005960464,0.0,0.0
52.5,-0.400000005960464,0.0,0.0
52.5999984741211,-0.400000005960464,0.0,0.0
52.7000007629395,-0.400000005960464,0.0,0.0
52.7999992370605,-0.400000005960464,0.0,0.0
52.9000015258789,-0.400000005960464,0.0,0.0
53.0,-0.400000005960464,0.0,0.0
53.0999984741211,-0.400000005960464,0.0,0.0
53.2000007629395,-0.400000005960464,0.0,0.0
53.2999992370605,-0.400000005960464,0.0,0.0
53.4000015258789,-0.400000005960464,0.0,0.0
53.5,-0.400000005960464,0.0,0.0
53.5999984741211,-0.400000005960464,0.0,0.0
53.7000007629395,-0.400000005960464,0.0,0.0
53.7999992370605,-0.400000005960464,0.0,0.0
53.9000015258789,-0.400000005960464,0.0,1.0
54.0,-0.400000005960464,0.0,0.0
54.0999984741211,-0.400000005960464,0.0,1.0
54.2000007629395,-0.400000005960464,0.0,0.0
50.9000015258789,-0.300000011920929,0.0,0.0
51.0,-0.300000011920929,0.0,0.0
51.0999984741211,-0.300000011920929,0.0,0.0
51.2000007629395,-0.300000011920929,0.0,0.0
51.2999992370605,-0.300000011920929,0.0,0.0
51.4000015258789,-0.300000011920929,0.0,0.0
51.5,-0.300000011920929,0.0,0.0
51.5999984741211,-0.300000011920929,0.0,0.0
51.7000007629395,-0.300000011920929,0.0,0.0
51.7999992370605,-0.300000011920929,0.0,0.0
51.9000015258789,-0.300000011920929,0.0,0.0
52.0,-0.300000011920929,0.0,0.0
52.0999984741211,-0.300000011920929,0.0,0.0
52.2000007629395,-0.300000011920929,0.0,0.0
52.2999992370605,-0.300000011920929,0.0,0.0
52.4000015258789,-0.300000011920929,0.0,0.0
52.5,-0.300000011920929,0.0,0.0
52.5999984741211,-0.300000011920929,0.0,0.0
52.7000007629395,-0.300000011920929,0.0,0.0
52.7999992370605,-0.300000011920929,0.0,0.0
52.9000015258789,-0.300000011920929,0.0,0.0
53.0,-0.300000011920929,0.0,0.0
53.0999984741211,-0.300000011920929,0.0,0.0
53.2000007629395,-0.300000011920929,0.0,0.0
53.2999992370605,-0.300000011920929,0.0,0.0
53.4000015258789,-0.300000011920929,0.0,0.0
53.5,-0.300000011920929,0.0,0.0
53.5999984741211,-0.300000011920929,0.0,0.0
53.7000007629395,-0.300000011920929,0.0,0.0
53.7999992370605,-0.300000011920929,0.0,0.0
53.9000015258789,-0.300000011920929,0.0,0.0
54.0,-0.300000011920929,0.0,0.0
54.0999984741211,-0.300000011920929,0.0,0.0
54.2000007629395,-0.300000011920929,0.0,0.0
50.9000015258789,-0.200000002980232,0.0,0.0
51.0,-0.200000002980232,0.0,0.0
51.0999984741211,-0.200000002980232,0.0,0.0
51.2000007629395,-0.200000002980232,1.0,0.0
51.2999992370605,-0.200000002980232,0.0,0.0
51.4000015258789,-0.200000002980232,0.0,0.0
51.5,-0.200000002980232,0.0,0.0
51.5999984741211,-0.200000002980232,0.0,0.0
51.7999992370605,-0.200000002980232,0.0,0.0
51.9000015258789,-0.200000002980232,0.0,0.0
52.0,-0.200000002980232,0.0,0.0
52.0999984741211,-0.200000002980232,0.0,0.0
52.2000007629395,-0.200000002980232,0.0,0.0
52.2999992370605,-0.200000002980232,0.0,0.0
52.4000015258789,-0.200000002980232,0.0,0.0
52.5,-0.200000002980232,0.0,0.0
52.5999984741211,-0.200000002980232,0.0,0.0
52.7000007629395,-0.200000002980232,0.0,0.0
52.7999992370605,-0.200000002980232,0.0,0.0
52.9000015258789,-0.200000002980232,0.0,1.0
53.0,-0.200000002980232,0.0,0.0
53.0999984741211,-0.200000002980232,0.0,0.0
53.2000007629395,-0.200000002980232,0.0,0.0
53.2999992370605,-0.200000002980232,0.0,0.0
53.4000015258789,-0.200000002980232,0.0,0.0
53.5,-0.200000002980232,0.0,0.0
53.5999984741211,-0.200000002980232,0.0,0.0
53.7000007629395,-0.200000002980232,0.0,0.0
53.7999992370605,-0.200000002980232,0.0,1.0
53.9000015258789,-0.200000002980232,0.0,0.0
54.0999984741211,-0.200000002980232,0.0,0.0
50.9000015258789,-0.100000001490116,0.0,0.0
51.0,-0.100000001490116,0.0,0.0
51.0999984741211,-0.100000001490116,0.0,0.0
51.2000007629395,-0.100000001490116,0.0,0.0
51.2999992370605,-0.100000001490116,0.0,0.0
51.4000015258789,-0.100000001490116,0.0,0.0
51.5,-0.100000001490116,0.0,0.0
51.5999984741211,-0.100000001490116,0.0,0.0
51.7000007629395,-0.100000001490116,0.0,0.0
51.7999992370605,-0.100000001490116,0.0,0.0
51.9000015258789,-0.100000001490116,0.0,0.0
52.0,-0.100000001490116,0.0,0.0
52.0999984741211,-0.100000001490116,0.0,0.0
52.2000007629395,-0.100000001490116,0.0,0.0
52.2999992370605,-0.100000001490116,0.0,0.0
52.4000015258789,-0.100000001490116,0.0,0.0
52.5,-0.100000001490116,0.0,0.0
52.5999984741211,-0.100000001490116,0.0,0.0
52.7000007629395,-0.100000001490116,0.0,0.0
52.7999992370605,-0.100000001490116,0.0,0.0
52.9000015258789,-0.100000001490116,0.0,0.0
53.0,-0.100000001490116,0.0,0.0
53.0999984741211,-0.100000001490116,0.0,0.0
53.2000007629395,-0.100000001490116,0.0,0.0
53.2999992370605,-0.100000001490116,0.0,0.0
53.4000015258789,-0.100000001490116,0.0,0.0
53.5,-0.100000001490116,0.0,0.0
53.7000007629395,-0.100000001490116,0.0,0.0
54.0999984741211,-0.100000001490116,0.0,0.0
50.9000015258789,-6.4115379672102806e-15,0.0,0.0
51.0,-6.4115379672102806e-15,0.0,0.0
51.0999984741211,-6.4115379672102806e-15,0.0,0.0
51.2000007629395,-6.4115379672102806e-15,0.0,0.0
51.2999992370605,-6.4115379672102806e-15,0.0,0.0
51.4000015258789,-6.4115379672102806e-15,0.0,0.0
51.5,-6.4115379672102806e-15,0.0,1.0
51.5999984741211,-6.4115379672102806e-15,0.0,0.0
51.7000007629395,-6.4115379672102806e-15,0.0,0.0
51.7999992370605,-6.4115379672102806e-15,0.0,0.0
51.9000015258789,-6.4115379672102806e-15,0.0,0.0
52.0,-6.4115379672102806e-15,0.0,0.0
52.0999984741211,-6.4115379672102806e-15,0.0,0.0
52.2000007629395,-6.4115379672102806e-15,0.0,0.0
52.2999992370605,-6.4115379672102806e-15,0.0,0.0
52.4000015258789,-6.4115379672102806e-15,0.0,0.0
52.5,-6.4115379672102806e-15,0.0,0.0
52.5999984741211,-6.4115379672102806e-15,0.0,0.0
52.7000007629395,-6.4115379672102806e-15,0.0,0.0
52.7999992370605,-6.4115379672102806e-15,0.0,0.0
52.9000015258789,-6.4115379672102806e-15,0.0,1.0
53.0,-6.4115379672102806e-15,0.0,0.0
53.0999984741211,-6.4115379672102806e-15,0.0,0.0
53.2000007629395,-6.4115379672102806e-15,0.0,0.0
53.2999992370605,-6.4115379672102806e-15,0.0,0.0
53.4000015258789,-6.4115379672102806e-15,0.0,0.0
53.5,-6.4115379672102806e-15,0.0,0.0
53.7000007629395,-6.4115379672102806e-15,0.0,0.0
50.7999992370605,0.100000001490116,0.0,0.0
50.9000015258789,0.100000001490116,0.0,0.0
51.0,0.100000001490116,0.0,0.0
51.0999984741211,0.100000001490116,0.0,0.0
51.2000007629395,0.100000001490116,0.0,0.0
51.2999992370605,0.100000001490116,0.0,0.0
51.4000015258789,0.100000001490116,0.0,0.0
51.5,0.100000001490116,0.0,0.0
51.5999984741211,0.100000001490116,0.0,0.0
51.7000007629395,0.100000001490116,0.0,0.0
51.7999992370605,0.100000001490116,0.0,0.0
51.9000015258789,0.100000001490116,0.0,0.0
52.0,0.100000001490116,0.0,0.0
52.0999984741211,0.100000001490116,0.0,0.0
52.2000007629395,0.100000001490116,0.0,0.0
52.2999992370605,0.100000001490116,0.0,0.0
52.4000015258789,0.100000001490116,0.0,0.0
52.5,0.100000001490116,0.0,0.0
52.5999984741211,0.100000001490116,0.0,0.0
52.7000007629395,0.100000001490116,0.0,0.0
52.7999992370605,0.100000001490116,0.0,0.0
53.0999984741211,0.100000001490116,0.0,0.0
53.2000007629395,0.100000001490116,0.0,0.0
53.2999992370605,0.100000001490116,0.0,0.0
53.4000015258789,0.100000001490116,0.0,0.0
50.7999992370605,0.200000002980232,0.0,0.0
50.9000015258789,0.200000002980232,0.0,0.0
51.0,0.200000002980232,0.0,0.0
51.0999984741211,0.200000002980232,0.0,0.0
51.2000007629395,0.200000002980232,0.0,0.0
51.2999992370605,0.200000002980232,0.0,0.0
51.4000015258789,0.200000002980232,0.0,0.0
51.5999984741211,0.200000002980232,0.0,0.0
51.7000007629395,0.200000002980232,0.0,0.0
51.7999992370605,0.200000002980232,0.0,0.0
51.9000015258789,0.200000002980232,0.0,0.0
52.0,0.200000002980232,0.0,0.0
52.0999984741211,0.200000002980232,0.0,0.0
52.2000007629395,0.200000002980232,0.0,0.0
52.2999992370605,0.200000002980232,0.0,0.0
52.4000015258789,0.200000002980232,0.0,0.0
52.5,0.200000002980232,0.0,0.0
52.5999984741211,0.200000002980232,0.0,0.0
52.7000007629395,0.200000002980232,0.0,0.0
52.7999992370605,0.200000002980232,0.0,0.0
53.0,0.200000002980232,0.0,0.0
53.0999984741211,0.200000002980232,0.0,0.0
53.2000007629395,0.200000002980232,0.0,0.0
53.2999992370605,0.200000002980232,0.0,0.0
53.4000015258789,0.200000002980232,0.0,0.0
50.7999992370605,0.300000011920929,0.0,0.0
50.9000015258789,0.300000011920929,0.0,0.0
51.0,0.300000011920929,0.0,0.0
51.0999984741211,0.300000011920929,0.0,0.0
51.2000007629395,0.300000011920929,0.0,0.0
51.2999992370605,0.300000011920929,0.0,0.0
51.4000015258789,0.300000011920929,0.0,0.0
51.5,0.300000011920929,0.0,0.0
51.5999984741211,0.300000011920929,0.0,0.0
51.7000007629395,0.300000011920929,0.0,0.0
51.7999992370605,0.300000011920929,0.0,0.0
51.9000015258789,0.300000011920929,0.0,0.0
52.0,0.300000011920929,0.0,0.0
52.0999984741211,0.300000011920929,0.0,0.0
52.2000007629395,0.300000011920929,0.0,0.0
52.2999992370605,0.300000011920929,0.0,0.0
52.4000015258789,0.300000011920929,0.0,0.0
52.5,0.300000011920929,0.0,0.0
52.5999984741211,0.300000011920929,0.0,0.0
52.7000007629395,0.300000011920929,0.0,0.0
52.7999992370605,0.300000011920929,0.0,0.0
53.2000007629395,0.300000011920929,0.0,0.0
50.9000015258789,0.400000005960464,0.0,0.0
51.0,0.400000005960464,0.0,0.0
51.0999984741211,0.400000005960464,0.0,0.0
51.2000007629395,0.400000005960464,0.0,0.0
51.2999992370605,0.400000005960464,0.0,0.0
51.4000015258789,0.400000005960464,0.0,0.0
51.5,0.400000005960464,0.0,0.0
51.7000007629395,0.400000005960464,0.0,0.0
51.7999992370605,0.400000005960464,0.0,0.0
51.9000015258789,0.400000005960464,0.0,0.0
52.0,0.400000005960464,0.0,0.0
52.0999984741211,0.400000005960464,0.0,0.0
52.2000007629395,0.400000005960464,0.0,0.0
52.2999992370605,0.400000005960464,0.0,0.0
52.4000015258789,0.400000005960464,0.0,0.0
52.5,0.400000005960464,0.0,0.0
52.5999984741211,0.400000005960464,0.0,0.0
52.7000007629395,0.400000005960464,0.0,0.0
50.9000015258789,0.5,0.0,0.0
51.0,0.5,0.0,0.0
51.0999984741211,0.5,0.0,0.0
51.2000007629395,0.5,0.0,0.0
51.2999992370605,0.5,0.0,0.0
51.4000015258789,0.5,0.0,0.0
51.5,0.5,0.0,0.0
51.5999984741211,0.5,0.0,0.0
51.7000007629395,0.5,0.0,0.0
51.7999992370605,0.5,0.0,1.0
51.9000015258789,0.5,0.0,0.0
52.0,0.5,0.0,0.0
52.0999984741211,0.5,0.0,0.0
52.2000007629395,0.5,0.0,0.0
52.2999992370605,0.5,0.0,0.0
52.4000015258789,0.5,0.0,0.0
52.5,0.5,0.0,0.0
52.5999984741211,0.5,0.0,0.0
52.7000007629395,0.5,0.0,0.0
52.7999992370605,0.5,0.0,0.0
52.9000015258789,0.5,0.0,0.0
51.0,0.600000023841858,0.0,0.0
51.0999984741211,0.600000023841858,0.0,0.0
51.2000007629395,0.600000023841858,0.0,0.0
51.2999992370605,0.600000023841858,0.0,0.0
51.5,0.600000023841858,0.0,0.0
51.5999984741211,0.600000023841858,0.0,0.0
51.7000007629395,0.600000023841858,0.0,0.0
51.7999992370605,0.600000023841858,0.0,0.0
51.9000015258789,0.600000023841858,0.0,0.0
52.0,0.600000023841858,0.0,0.0
52.0999984741211,0.600000023841858,0.0,0.0
52.2000007629395,0.600000023841858,0.0,0.0
52.2999992370605,0.600000023841858,0.0,0.0
52.4000015258789,0.600000023841858,0.0,0.0
52.5,0.600000023841858,0.0,0.0
52.5999984741211,0.600000023841858,0.0,0.0
52.7000007629395,0.600000023841858,0.0,0.0
52.7999992370605,0.600000023841858,0.0,0.0
52.9000015258789,0.600000023841858,0.0,0.0
50.9000015258789,0.699999988079071,0.0,0.0
51.0,0.699999988079071,0.0,0.0
51.0999984741211,0.699999988079071,0.0,0.0
51.2000007629395,0.699999988079071,0.0,0.0
51.2999992370605,0.699999988079071,0.0,0.0
51.5999984741211,0.699999988079071,0.0,0.0
51.7000007629395,0.699999988079071,0.0,0.0
51.7999992370605,0.699999988079071,0.0,0.0
51.9000015258789,0.699999988079071,0.0,0.0
52.0,0.699999988079071,0.0,0.0
52.0999984741211,0.699999988079071,0.0,0.0
52.2000007629395,0.699999988079071,0.0,0.0
52.2999992370605,0.699999988079071,0.0,0.0
52.4000015258789,0.699999988079071,0.0,0.0
52.5,0.699999988079071,0.0,0.0
52.5999984741211,0.699999988079071,0.0,0.0
52.7000007629395,0.699999988079071,0.0,0.0
52.7999992370605,0.699999988079071,0.0,0.0
52.9000015258789,0.699999988079071,0.0,0.0
51.0,0.800000011920929,0.0,0.0
51.0999984741211,0.800000011920929,0.0,0.0
51.2000007629395,0.800000011920929,0.0,0.0
51.2999992370605,0.800000011920929,0.0,0.0
51.4000015258789,0.800000011920929,0.0,0.0
51.5999984741211,0.800000011920929,0.0,0.0
51.7000007629395,0.800000011920929,0.0,0.0
51.7999992370605,0.800000011920929,0.0,0.0
51.9000015258789,0.800000011920929,0.0,0.0
52.0,0.800000011920929,1.0,0.0
52.0999984741211,0.800000011920929,0.0,0.0
52.2000007629395,0.800000011920929,0.0,1.0
52.2999992370605,0.800000011920929,0.0,0.0
52.4000015258789,0.800000011920929,0.0,0.0
52.5,0.800000011920929,0.0,0.0
52.5999984741211,0.800000011920929,0.0,0.0
52.7000007629395,0.800000011920929,0.0,0.0
52.7999992370605,0.800000011920929,0.0,0.0
52.9000015258789,0.800000011920929,0.0,0.0
51.0,0.899999976158142,0.0,0.0
51.0999984741211,0.899999976158142,0.0,0.0
51.2000007629395,0.899999976158142,0.0,0.0
51.2999992370605,0.899999976158142,0.0,0.0
51.4000015258789,0.899999976158142,0.0,0.0
51.5999984741211,0.899999976158142,0.0,0.0
51.7000007629395,0.899999976158142,0.0,0.0
51.9000015258789,0.899999976158142,0.0,0.0
52.0,0.899999976158142,0.0,0.0
52.0999984741211,0.899999976158142,0.0,0.0
52.2000007629395,0.899999976158142,0.0,0.0
52.4000015258789,0.899999976158142,0.0,0.0
52.5,0.899999976158142,0.0,0.0
52.5999984741211,0.899999976158142,0.0,0.0
52.7000007629395,0.899999976158142,0.0,0.0
52.7999992370605,0.899999976158142,0.0,0.0
52.9000015258789,0.899999976158142,0.0,0.0
51.0999984741211,1.0,0.0,0.0
51.2000007629395,1.0,0.0,0.0
51.2999992370605,1.0,0.0,0.0
51.9000015258789,1.0,0.0,0.0
52.0,1.0,1.0,0.0
52.0999984741211,1.0,0.0,0.0
52.2000007629395,1.0,0.0,0.0
52.2999992370605,1.0,0.0,0.0
52.4000015258789,1.0,0.0,0.0
52.5,1.0,0.0,0.0
52.5999984741211,1.0,0.0,0.0
52.7000007629395,1.0,0.0,0.0
52.7999992370605,1.0,0.0,0.0
52.9000015258789,1.0,0.0,0.0
51.2000007629395,1.10000002384186,0.0,0.0
51.2999992370605,1.10000002384186,0.0,0.0
51.9000015258789,1.10000002384186,0.0,0.0
52.0,1.10000002384186,0.0,0.0
52.0999984741211,1.10000002384186,0.0,0.0
52.2000007629395,1.10000002384186,0.0,0.0
52.2999992370605,1.10000002384186,0.0,0.0
52.4000015258789,1.10000002384186,0.0,0.0
52.5,1.10000002384186,0.0,0.0
52.5999984741211,1.10000002384186,0.0,0.0
52.7000007629395,1.10000002384186,0.0,0.0
52.7999992370605,1.10000002384186,0.0,0.0
52.9000015258789,1.10000002384186,0.0,0.0
51.2000007629395,1.20000004768372,0.0,0.0
51.2999992370605,1.20000004768372,0.0,0.0
51.7999992370605,1.20000004768372,0.0,0.0
51.9000015258789,1.20000004768372,0.0,0.0
52.0,1.20000004768372,0.0,0.0
52.0999984741211,1.20000004768372,0.0,0.0
52.2000007629395,1.20000004768372,0.0,0.0
52.2999992370605,1.20000004768372,0.0,0.0
52.4000015258789,1.20000004768372,0.0,0.0
52.5,1.20000004768372,0.0,1.0
52.5999984741211,1.20000004768372,0.0,0.0
52.7000007629395,1.20000004768372,0.0,0.0
52.7999992370605,1.20000004768372,0.0,0.0
52.9000015258789,1.20000004768372,0.0,0.0
51.2000007629395,1.29999995231628,0.0,0.0
51.2999992370605,1.29999995231628,0.0,0.0
52.0,1.29999995231628,0.0,0.0
52.0999984741211,1.29999995231628,0.0,0.0
52.2000007629395,1.29999995231628,0.0,0.0
52.2999992370605,1.29999995231628,0.0,0.0
52.4000015258789,1.29999995231628,0.0,0.0
52.5,1.29999995231628,0.0,0.0
52.5999984741211,1.29999995231628,0.0,0.0
52.7000007629395,1.29999995231628,0.0,0.0
52.7999992370605,1.29999995231628,0.0,0.0
52.9000015258789,1.29999995231628,0.0,0.0
52.0999984741211,1.39999997615814,0.0,0.0
52.2000007629395,1.39999997615814,0.0,0.0
52.2999992370605,1.39999997615814,0.0,0.0
52.4000015258789,1.39999997615814,0.0,0.0
52.5,1.39999997615814,0.0,0.0
52.5999984741211,1.39999997615814,0.0,0.0
52.7000007629395,1.39999997615814,0.0,0.0
52.7999992370605,1.39999997615814,0.0,0.0
52.9000015258789,1.39999997615814,0.0,0.0
52.0999984741211,1.5,0.0,0.0
52.2000007629395,1.5,0.0,0.0
52.2999992370605,1.5,0.0,0.0
52.4000015258789,1.5,0.0,0.0
52.5,1.5,0.0,0.0
52.5999984741211,1.5,0.0,0.0
52.7000007629395,1.5,0.0,0.0
52.7999992370605,1.5,0.0,0.0
52.4000015258789,1.60000002384186,0.0,0.0
52.5,1.60000002384186,0.0,0.0
52.5999984741211,1.60000002384186,0.0,0.0
52.7000007629395,1.60000002384186,0.0,0.0
52.7999992370605,1.60000002384186,0.0,0.0
52.4000015258789,1.70000004768372,0.0,0.0
52.5,1.70000004768372,0.0,0.0
52.5999984741211,1.70000004768372,0.0,0.0
52.7000007629395,1.70000004768372,0.0,0.0
